T_C;seria_Hmax_nom_A_per_m;branch;i;H_A_per_m;B_T
20;10000;desc;0;6054.3;0.03801
20;10000;desc;1;5993.7;0.03610
20;10000;desc;2;5933.2;0.03552
20;10000;desc;3;5872.7;0.03499
20;10000;desc;4;5812.1;0.03436
20;10000;desc;5;5751.6;0.03432
20;10000;desc;6;5691.0;0.03403
20;10000;desc;7;5630.5;0.03348
20;10000;desc;8;5569.9;0.03312
20;10000;desc;9;5509.4;0.03294
20;10000;desc;10;5448.9;0.03236
20;10000;desc;11;5388.3;0.03221
20;10000;desc;12;5327.8;0.03220
20;10000;desc;13;5267.2;0.03191
20;10000;desc;14;5206.7;0.03165
20;10000;desc;15;5146.1;0.03140
20;10000;desc;16;5085.6;0.03092
20;10000;desc;17;5025.1;0.03047
20;10000;desc;18;4964.5;0.03018
20;10000;desc;19;4904.0;0.02987
20;10000;desc;20;4843.4;0.02956
20;10000;desc;21;4782.9;0.02932
20;10000;desc;22;4722.3;0.02920
20;10000;desc;23;4661.8;0.02909
20;10000;desc;24;4601.3;0.02844
20;10000;desc;25;4540.7;0.02763
20;10000;desc;26;4480.2;0.02750
20;10000;desc;27;4419.6;0.02749
20;10000;desc;28;4359.1;0.02731
20;10000;desc;29;4298.5;0.02692
20;10000;desc;30;4238.0;0.02640
20;10000;desc;31;4177.5;0.02591
20;10000;desc;32;4116.9;0.02581
20;10000;desc;33;4056.4;0.02542
20;10000;desc;34;3995.8;0.02470
20;10000;desc;35;3935.3;0.02454
20;10000;desc;36;3874.7;0.02427
20;10000;desc;37;3814.2;0.02397
20;10000;desc;38;3753.7;0.02382
20;10000;desc;39;3693.1;0.02370
20;10000;desc;40;3632.6;0.02336
20;10000;desc;41;3572.0;0.02269
20;10000;desc;42;3511.5;0.02222
20;10000;desc;43;3450.9;0.02189
20;10000;desc;44;3390.4;0.02137
20;10000;desc;45;3329.9;0.02089
20;10000;desc;46;3269.3;0.02066
20;10000;desc;47;3208.8;0.02047
20;10000;desc;48;3148.2;0.02020
20;10000;desc;49;3087.7;0.01977
20;10000;desc;50;3027.1;0.01927
20;10000;desc;51;2966.6;0.01869
20;10000;desc;52;2906.1;0.01824
20;10000;desc;53;2845.5;0.01758
20;10000;desc;54;2785.0;0.01722
20;10000;desc;55;2724.4;0.01678
20;10000;desc;56;2663.9;0.01643
20;10000;desc;57;2603.3;0.01625
20;10000;desc;58;2542.8;0.01598
20;10000;desc;59;2482.3;0.01602
20;10000;desc;60;2421.7;0.01564
20;10000;desc;61;2361.2;0.01442
20;10000;desc;62;2300.6;0.01424
20;10000;desc;63;2240.1;0.01416
20;10000;desc;64;2179.5;0.01406
20;10000;desc;65;2119.0;0.01388
20;10000;desc;66;2058.5;0.01320
20;10000;desc;67;1997.9;0.01261
20;10000;desc;68;1937.4;0.01206
20;10000;desc;69;1876.8;0.01159
20;10000;desc;70;1816.3;0.01166
20;10000;desc;71;1755.7;0.01169
20;10000;desc;72;1695.2;0.01115
20;10000;desc;73;1634.7;0.01038
20;10000;desc;74;1574.1;0.01004
20;10000;desc;75;1513.6;0.00957
20;10000;desc;76;1453.0;0.00924
20;10000;desc;77;1392.5;0.00893
20;10000;desc;78;1331.9;0.00828
20;10000;desc;79;1271.4;0.00793
20;10000;desc;80;1210.9;0.00773
20;10000;desc;81;1150.3;0.00718
20;10000;desc;82;1089.8;0.00607
20;10000;desc;83;1029.2;0.00501
20;10000;desc;84;968.7;0.00483
20;10000;desc;85;908.1;0.00480
20;10000;desc;86;847.6;0.00442
20;10000;desc;87;787.1;0.00409
20;10000;desc;88;726.5;0.00397
20;10000;desc;89;666.0;0.00372
20;10000;desc;90;605.4;0.00302
20;10000;desc;91;544.9;0.00272
20;10000;desc;92;484.3;0.00272
20;10000;desc;93;423.8;0.00236
20;10000;desc;94;363.3;0.00095
20;10000;desc;95;302.7;0.00075
20;10000;desc;96;242.2;0.00045
20;10000;desc;97;181.6;0.00003
20;10000;desc;98;121.1;-0.00004
20;10000;desc;99;60.5;-0.00012
20;10000;desc;100;0.0;-0.00122
20;10000;desc;101;-60.5;-0.00245
20;10000;desc;102;-121.1;-0.00298
20;10000;desc;103;-181.6;-0.00328
20;10000;desc;104;-242.2;-0.00365
20;10000;desc;105;-302.7;-0.00403
20;10000;desc;106;-363.3;-0.00435
20;10000;desc;107;-423.8;-0.00492
20;10000;desc;108;-484.3;-0.00616
20;10000;desc;109;-544.9;-0.00642
20;10000;desc;110;-605.4;-0.00664
20;10000;desc;111;-666.0;-0.00708
20;10000;desc;112;-726.5;-0.00731
20;10000;desc;113;-787.1;-0.00784
20;10000;desc;114;-847.6;-0.00856
20;10000;desc;115;-908.1;-0.00876
20;10000;desc;116;-968.7;-0.00917
20;10000;desc;117;-1029.2;-0.01026
20;10000;desc;118;-1089.8;-0.01061
20;10000;desc;119;-1150.3;-0.01072
20;10000;desc;120;-1210.9;-0.01104
20;10000;desc;121;-1271.4;-0.01135
20;10000;desc;122;-1331.9;-0.01156
20;10000;desc;123;-1392.5;-0.01204
20;10000;desc;124;-1453.0;-0.01231
20;10000;desc;125;-1513.6;-0.01269
20;10000;desc;126;-1574.1;-0.01354
20;10000;desc;127;-1634.7;-0.01439
20;10000;desc;128;-1695.2;-0.01459
20;10000;desc;129;-1755.7;-0.01486
20;10000;desc;130;-1816.3;-0.01544
20;10000;desc;131;-1876.8;-0.01600
20;10000;desc;132;-1937.4;-0.01631
20;10000;desc;133;-1997.9;-0.01678
20;10000;desc;134;-2058.5;-0.01716
20;10000;desc;135;-2119.0;-0.01757
20;10000;desc;136;-2179.5;-0.01776
20;10000;desc;137;-2240.1;-0.01809
20;10000;desc;138;-2300.6;-0.01863
20;10000;desc;139;-2361.2;-0.01884
20;10000;desc;140;-2421.7;-0.01913
20;10000;desc;141;-2482.3;-0.01965
20;10000;desc;142;-2542.8;-0.02016
20;10000;desc;143;-2603.3;-0.02105
20;10000;desc;144;-2663.9;-0.02129
20;10000;desc;145;-2724.4;-0.02149
20;10000;desc;146;-2785.0;-0.02172
20;10000;desc;147;-2845.5;-0.02205
20;10000;desc;148;-2906.1;-0.02239
20;10000;desc;149;-2966.6;-0.02281
20;10000;desc;150;-3027.1;-0.02332
20;10000;desc;151;-3087.7;-0.02385
20;10000;desc;152;-3148.2;-0.02415
20;10000;desc;153;-3208.8;-0.02473
20;10000;desc;154;-3269.3;-0.02513
20;10000;desc;155;-3329.9;-0.02529
20;10000;desc;156;-3390.4;-0.02550
20;10000;desc;157;-3450.9;-0.02569
20;10000;desc;158;-3511.5;-0.02575
20;10000;desc;159;-3572.0;-0.02602
20;10000;desc;160;-3632.6;-0.02691
20;10000;desc;161;-3693.1;-0.02739
20;10000;desc;162;-3753.7;-0.02770
20;10000;desc;163;-3814.2;-0.02801
20;10000;desc;164;-3874.7;-0.02851
20;10000;desc;165;-3935.3;-0.02884
20;10000;desc;166;-3995.8;-0.02905
20;10000;desc;167;-4056.4;-0.02961
20;10000;desc;168;-4116.9;-0.02998
20;10000;desc;169;-4177.5;-0.03047
20;10000;desc;170;-4238.0;-0.03088
20;10000;desc;171;-4298.5;-0.03123
20;10000;desc;172;-4359.1;-0.03150
20;10000;desc;173;-4419.6;-0.03174
20;10000;desc;174;-4480.2;-0.03193
20;10000;desc;175;-4540.7;-0.03202
20;10000;desc;176;-4601.3;-0.03229
20;10000;desc;177;-4661.8;-0.03343
20;10000;desc;178;-4722.3;-0.03409
20;10000;desc;179;-4782.9;-0.03417
20;10000;desc;180;-4843.4;-0.03419
20;10000;desc;181;-4904.0;-0.03445
20;10000;desc;182;-4964.5;-0.03462
20;10000;desc;183;-5025.1;-0.03465
20;10000;desc;184;-5085.6;-0.03481
20;10000;desc;185;-5146.1;-0.03525
20;10000;desc;186;-5206.7;-0.03565
20;10000;desc;187;-5267.2;-0.03606
20;10000;desc;188;-5327.8;-0.03661
20;10000;desc;189;-5388.3;-0.03699
20;10000;desc;190;-5448.9;-0.03731
20;10000;desc;191;-5509.4;-0.03768
20;10000;desc;192;-5569.9;-0.03793
20;10000;desc;193;-5630.5;-0.03813
20;10000;desc;194;-5691.0;-0.03839
20;10000;desc;195;-5751.6;-0.03870
20;10000;desc;196;-5812.1;-0.03968
20;10000;desc;197;-5872.7;-0.03997
20;10000;desc;198;-5933.2;-0.03992
20;10000;desc;199;-5993.7;-0.03992
20;10000;desc;200;-6054.3;-0.04181
20;10000;asc;0;-6054.3;-0.04181
20;10000;asc;1;-5993.7;-0.03992
20;10000;asc;2;-5933.2;-0.03992
20;10000;asc;3;-5872.7;-0.03997
20;10000;asc;4;-5812.1;-0.03968
20;10000;asc;5;-5751.6;-0.03870
20;10000;asc;6;-5691.0;-0.03839
20;10000;asc;7;-5630.5;-0.03813
20;10000;asc;8;-5569.9;-0.03793
20;10000;asc;9;-5509.4;-0.03768
20;10000;asc;10;-5448.9;-0.03731
20;10000;asc;11;-5388.3;-0.03699
20;10000;asc;12;-5327.8;-0.03661
20;10000;asc;13;-5267.2;-0.03606
20;10000;asc;14;-5206.7;-0.03565
20;10000;asc;15;-5146.1;-0.03525
20;10000;asc;16;-5085.6;-0.03481
20;10000;asc;17;-5025.1;-0.03465
20;10000;asc;18;-4964.5;-0.03462
20;10000;asc;19;-4904.0;-0.03445
20;10000;asc;20;-4843.4;-0.03419
20;10000;asc;21;-4782.9;-0.03417
20;10000;asc;22;-4722.3;-0.03409
20;10000;asc;23;-4661.8;-0.03343
20;10000;asc;24;-4601.3;-0.03229
20;10000;asc;25;-4540.7;-0.03202
20;10000;asc;26;-4480.2;-0.03193
20;10000;asc;27;-4419.6;-0.03174
20;10000;asc;28;-4359.1;-0.03150
20;10000;asc;29;-4298.5;-0.03123
20;10000;asc;30;-4238.0;-0.03088
20;10000;asc;31;-4177.5;-0.03047
20;10000;asc;32;-4116.9;-0.02998
20;10000;asc;33;-4056.4;-0.02961
20;10000;asc;34;-3995.8;-0.02905
20;10000;asc;35;-3935.3;-0.02884
20;10000;asc;36;-3874.7;-0.02851
20;10000;asc;37;-3814.2;-0.02801
20;10000;asc;38;-3753.7;-0.02770
20;10000;asc;39;-3693.1;-0.02739
20;10000;asc;40;-3632.6;-0.02691
20;10000;asc;41;-3572.0;-0.02602
20;10000;asc;42;-3511.5;-0.02575
20;10000;asc;43;-3450.9;-0.02569
20;10000;asc;44;-3390.4;-0.02550
20;10000;asc;45;-3329.9;-0.02529
20;10000;asc;46;-3269.3;-0.02513
20;10000;asc;47;-3208.8;-0.02473
20;10000;asc;48;-3148.2;-0.02415
20;10000;asc;49;-3087.7;-0.02385
20;10000;asc;50;-3027.1;-0.02332
20;10000;asc;51;-2966.6;-0.02281
20;10000;asc;52;-2906.1;-0.02239
20;10000;asc;53;-2845.5;-0.02205
20;10000;asc;54;-2785.0;-0.02172
20;10000;asc;55;-2724.4;-0.02149
20;10000;asc;56;-2663.9;-0.02129
20;10000;asc;57;-2603.3;-0.02105
20;10000;asc;58;-2542.8;-0.02016
20;10000;asc;59;-2482.3;-0.01965
20;10000;asc;60;-2421.7;-0.01913
20;10000;asc;61;-2361.2;-0.01884
20;10000;asc;62;-2300.6;-0.01863
20;10000;asc;63;-2240.1;-0.01809
20;10000;asc;64;-2179.5;-0.01776
20;10000;asc;65;-2119.0;-0.01757
20;10000;asc;66;-2058.5;-0.01716
20;10000;asc;67;-1997.9;-0.01678
20;10000;asc;68;-1937.4;-0.01631
20;10000;asc;69;-1876.8;-0.01600
20;10000;asc;70;-1816.3;-0.01544
20;10000;asc;71;-1755.7;-0.01486
20;10000;asc;72;-1695.2;-0.01459
20;10000;asc;73;-1634.7;-0.01439
20;10000;asc;74;-1574.1;-0.01354
20;10000;asc;75;-1513.6;-0.01269
20;10000;asc;76;-1453.0;-0.01231
20;10000;asc;77;-1392.5;-0.01204
20;10000;asc;78;-1331.9;-0.01156
20;10000;asc;79;-1271.4;-0.01135
20;10000;asc;80;-1210.9;-0.01104
20;10000;asc;81;-1150.3;-0.01072
20;10000;asc;82;-1089.8;-0.01061
20;10000;asc;83;-1029.2;-0.01026
20;10000;asc;84;-968.7;-0.00917
20;10000;asc;85;-908.1;-0.00876
20;10000;asc;86;-847.6;-0.00856
20;10000;asc;87;-787.1;-0.00784
20;10000;asc;88;-726.5;-0.00731
20;10000;asc;89;-666.0;-0.00708
20;10000;asc;90;-605.4;-0.00664
20;10000;asc;91;-544.9;-0.00642
20;10000;asc;92;-484.3;-0.00616
20;10000;asc;93;-423.8;-0.00492
20;10000;asc;94;-363.3;-0.00435
20;10000;asc;95;-302.7;-0.00403
20;10000;asc;96;-242.2;-0.00365
20;10000;asc;97;-181.6;-0.00328
20;10000;asc;98;-121.1;-0.00298
20;10000;asc;99;-60.5;-0.00245
20;10000;asc;100;0.0;-0.00122
20;10000;asc;101;60.5;-0.00012
20;10000;asc;102;121.1;-0.00004
20;10000;asc;103;181.6;0.00003
20;10000;asc;104;242.2;0.00045
20;10000;asc;105;302.7;0.00075
20;10000;asc;106;363.3;0.00095
20;10000;asc;107;423.8;0.00236
20;10000;asc;108;484.3;0.00272
20;10000;asc;109;544.9;0.00272
20;10000;asc;110;605.4;0.00302
20;10000;asc;111;666.0;0.00372
20;10000;asc;112;726.5;0.00397
20;10000;asc;113;787.1;0.00409
20;10000;asc;114;847.6;0.00442
20;10000;asc;115;908.1;0.00480
20;10000;asc;116;968.7;0.00483
20;10000;asc;117;1029.2;0.00501
20;10000;asc;118;1089.8;0.00607
20;10000;asc;119;1150.3;0.00718
20;10000;asc;120;1210.9;0.00773
20;10000;asc;121;1271.4;0.00793
20;10000;asc;122;1331.9;0.00828
20;10000;asc;123;1392.5;0.00893
20;10000;asc;124;1453.0;0.00924
20;10000;asc;125;1513.6;0.00957
20;10000;asc;126;1574.1;0.01004
20;10000;asc;127;1634.7;0.01038
20;10000;asc;128;1695.2;0.01115
20;10000;asc;129;1755.7;0.01169
20;10000;asc;130;1816.3;0.01166
20;10000;asc;131;1876.8;0.01159
20;10000;asc;132;1937.4;0.01206
20;10000;asc;133;1997.9;0.01261
20;10000;asc;134;2058.5;0.01320
20;10000;asc;135;2119.0;0.01388
20;10000;asc;136;2179.5;0.01406
20;10000;asc;137;2240.1;0.01416
20;10000;asc;138;2300.6;0.01424
20;10000;asc;139;2361.2;0.01442
20;10000;asc;140;2421.7;0.01564
20;10000;asc;141;2482.3;0.01602
20;10000;asc;142;2542.8;0.01598
20;10000;asc;143;2603.3;0.01625
20;10000;asc;144;2663.9;0.01643
20;10000;asc;145;2724.4;0.01678
20;10000;asc;146;2785.0;0.01722
20;10000;asc;147;2845.5;0.01758
20;10000;asc;148;2906.1;0.01824
20;10000;asc;149;2966.6;0.01869
20;10000;asc;150;3027.1;0.01927
20;10000;asc;151;3087.7;0.01977
20;10000;asc;152;3148.2;0.02020
20;10000;asc;153;3208.8;0.02047
20;10000;asc;154;3269.3;0.02066
20;10000;asc;155;3329.9;0.02089
20;10000;asc;156;3390.4;0.02137
20;10000;asc;157;3450.9;0.02189
20;10000;asc;158;3511.5;0.02222
20;10000;asc;159;3572.0;0.02269
20;10000;asc;160;3632.6;0.02336
20;10000;asc;161;3693.1;0.02370
20;10000;asc;162;3753.7;0.02382
20;10000;asc;163;3814.2;0.02397
20;10000;asc;164;3874.7;0.02427
20;10000;asc;165;3935.3;0.02454
20;10000;asc;166;3995.8;0.02470
20;10000;asc;167;4056.4;0.02542
20;10000;asc;168;4116.9;0.02581
20;10000;asc;169;4177.5;0.02591
20;10000;asc;170;4238.0;0.02640
20;10000;asc;171;4298.5;0.02692
20;10000;asc;172;4359.1;0.02731
20;10000;asc;173;4419.6;0.02749
20;10000;asc;174;4480.2;0.02750
20;10000;asc;175;4540.7;0.02763
20;10000;asc;176;4601.3;0.02844
20;10000;asc;177;4661.8;0.02909
20;10000;asc;178;4722.3;0.02920
20;10000;asc;179;4782.9;0.02932
20;10000;asc;180;4843.4;0.02956
20;10000;asc;181;4904.0;0.02987
20;10000;asc;182;4964.5;0.03018
20;10000;asc;183;5025.1;0.03047
20;10000;asc;184;5085.6;0.03092
20;10000;asc;185;5146.1;0.03140
20;10000;asc;186;5206.7;0.03165
20;10000;asc;187;5267.2;0.03191
20;10000;asc;188;5327.8;0.03220
20;10000;asc;189;5388.3;0.03221
20;10000;asc;190;5448.9;0.03236
20;10000;asc;191;5509.4;0.03294
20;10000;asc;192;5569.9;0.03312
20;10000;asc;193;5630.5;0.03348
20;10000;asc;194;5691.0;0.03403
20;10000;asc;195;5751.6;0.03432
20;10000;asc;196;5812.1;0.03436
20;10000;asc;197;5872.7;0.03499
20;10000;asc;198;5933.2;0.03552
20;10000;asc;199;5993.7;0.03610
20;10000;asc;200;6054.3;0.03801
17.5;10000;desc;0;6078.4;0.16678
17.5;10000;desc;1;6017.6;0.16659
17.5;10000;desc;2;5956.8;0.16548
17.5;10000;desc;3;5896.0;0.16462
17.5;10000;desc;4;5835.3;0.16423
17.5;10000;desc;5;5774.5;0.16323
17.5;10000;desc;6;5713.7;0.16190
17.5;10000;desc;7;5652.9;0.16147
17.5;10000;desc;8;5592.1;0.16083
17.5;10000;desc;9;5531.3;0.16016
17.5;10000;desc;10;5470.6;0.15859
17.5;10000;desc;11;5409.8;0.15656
17.5;10000;desc;12;5349.0;0.15557
17.5;10000;desc;13;5288.2;0.15479
17.5;10000;desc;14;5227.4;0.15373
17.5;10000;desc;15;5166.6;0.15234
17.5;10000;desc;16;5105.9;0.15133
17.5;10000;desc;17;5045.1;0.15051
17.5;10000;desc;18;4984.3;0.15005
17.5;10000;desc;19;4923.5;0.14984
17.5;10000;desc;20;4862.7;0.14897
17.5;10000;desc;21;4801.9;0.14754
17.5;10000;desc;22;4741.1;0.14565
17.5;10000;desc;23;4680.4;0.14423
17.5;10000;desc;24;4619.6;0.14342
17.5;10000;desc;25;4558.8;0.14266
17.5;10000;desc;26;4498.0;0.14171
17.5;10000;desc;27;4437.2;0.14039
17.5;10000;desc;28;4376.4;0.13909
17.5;10000;desc;29;4315.7;0.13724
17.5;10000;desc;30;4254.9;0.13605
17.5;10000;desc;31;4194.1;0.13499
17.5;10000;desc;32;4133.3;0.13432
17.5;10000;desc;33;4072.5;0.13372
17.5;10000;desc;34;4011.7;0.13249
17.5;10000;desc;35;3951.0;0.13087
17.5;10000;desc;36;3890.2;0.12947
17.5;10000;desc;37;3829.4;0.12810
17.5;10000;desc;38;3768.6;0.12673
17.5;10000;desc;39;3707.8;0.12559
17.5;10000;desc;40;3647.0;0.12430
17.5;10000;desc;41;3586.3;0.12310
17.5;10000;desc;42;3525.5;0.12272
17.5;10000;desc;43;3464.7;0.12149
17.5;10000;desc;44;3403.9;0.12069
17.5;10000;desc;45;3343.1;0.11923
17.5;10000;desc;46;3282.3;0.11634
17.5;10000;desc;47;3221.5;0.11518
17.5;10000;desc;48;3160.8;0.11424
17.5;10000;desc;49;3100.0;0.11345
17.5;10000;desc;50;3039.2;0.11200
17.5;10000;desc;51;2978.4;0.10994
17.5;10000;desc;52;2917.6;0.10885
17.5;10000;desc;53;2856.8;0.10825
17.5;10000;desc;54;2796.1;0.10703
17.5;10000;desc;55;2735.3;0.10524
17.5;10000;desc;56;2674.5;0.10394
17.5;10000;desc;57;2613.7;0.10273
17.5;10000;desc;58;2552.9;0.10091
17.5;10000;desc;59;2492.1;0.09930
17.5;10000;desc;60;2431.4;0.09749
17.5;10000;desc;61;2370.6;0.09675
17.5;10000;desc;62;2309.8;0.09612
17.5;10000;desc;63;2249.0;0.09309
17.5;10000;desc;64;2188.2;0.09078
17.5;10000;desc;65;2127.4;0.08980
17.5;10000;desc;66;2066.7;0.08871
17.5;10000;desc;67;2005.9;0.08766
17.5;10000;desc;68;1945.1;0.08515
17.5;10000;desc;69;1884.3;0.08325
17.5;10000;desc;70;1823.5;0.08184
17.5;10000;desc;71;1762.7;0.08041
17.5;10000;desc;72;1702.0;0.07775
17.5;10000;desc;73;1641.2;0.07630
17.5;10000;desc;74;1580.4;0.07531
17.5;10000;desc;75;1519.6;0.07384
17.5;10000;desc;76;1458.8;0.07234
17.5;10000;desc;77;1398.0;0.07030
17.5;10000;desc;78;1337.2;0.06918
17.5;10000;desc;79;1276.5;0.06690
17.5;10000;desc;80;1215.7;0.06457
17.5;10000;desc;81;1154.9;0.06275
17.5;10000;desc;82;1094.1;0.06106
17.5;10000;desc;83;1033.3;0.05928
17.5;10000;desc;84;972.5;0.05715
17.5;10000;desc;85;911.8;0.05581
17.5;10000;desc;86;851.0;0.05294
17.5;10000;desc;87;790.2;0.05136
17.5;10000;desc;88;729.4;0.05086
17.5;10000;desc;89;668.6;0.04826
17.5;10000;desc;90;607.8;0.04511
17.5;10000;desc;91;547.1;0.04339
17.5;10000;desc;92;486.3;0.04123
17.5;10000;desc;93;425.5;0.03947
17.5;10000;desc;94;364.7;0.03774
17.5;10000;desc;95;303.9;0.03440
17.5;10000;desc;96;243.1;0.03250
17.5;10000;desc;97;182.4;0.02989
17.5;10000;desc;98;121.6;0.02787
17.5;10000;desc;99;60.8;0.02685
17.5;10000;desc;100;0.0;0.02467
17.5;10000;desc;101;-60.8;0.02072
17.5;10000;desc;102;-121.6;0.01746
17.5;10000;desc;103;-182.4;0.01464
17.5;10000;desc;104;-243.1;0.01199
17.5;10000;desc;105;-303.9;0.00916
17.5;10000;desc;106;-364.7;0.00502
17.5;10000;desc;107;-425.5;0.00154
17.5;10000;desc;108;-486.3;-0.00196
17.5;10000;desc;109;-547.1;-0.00698
17.5;10000;desc;110;-607.8;-0.01074
17.5;10000;desc;111;-668.6;-0.01454
17.5;10000;desc;112;-729.4;-0.01777
17.5;10000;desc;113;-790.2;-0.02118
17.5;10000;desc;114;-851.0;-0.02522
17.5;10000;desc;115;-911.8;-0.02886
17.5;10000;desc;116;-972.5;-0.03171
17.5;10000;desc;117;-1033.3;-0.03466
17.5;10000;desc;118;-1094.1;-0.03931
17.5;10000;desc;119;-1154.9;-0.04212
17.5;10000;desc;120;-1215.7;-0.04411
17.5;10000;desc;121;-1276.5;-0.04637
17.5;10000;desc;122;-1337.2;-0.04920
17.5;10000;desc;123;-1398.0;-0.05027
17.5;10000;desc;124;-1458.8;-0.05101
17.5;10000;desc;125;-1519.6;-0.05169
17.5;10000;desc;126;-1580.4;-0.05266
17.5;10000;desc;127;-1641.2;-0.05483
17.5;10000;desc;128;-1702.0;-0.06350
17.5;10000;desc;129;-1762.7;-0.06487
17.5;10000;desc;130;-1823.5;-0.06669
17.5;10000;desc;131;-1884.3;-0.07028
17.5;10000;desc;132;-1945.1;-0.07268
17.5;10000;desc;133;-2005.9;-0.07377
17.5;10000;desc;134;-2066.7;-0.07507
17.5;10000;desc;135;-2127.4;-0.07704
17.5;10000;desc;136;-2188.2;-0.07860
17.5;10000;desc;137;-2249.0;-0.08117
17.5;10000;desc;138;-2309.8;-0.08389
17.5;10000;desc;139;-2370.6;-0.08500
17.5;10000;desc;140;-2431.4;-0.08635
17.5;10000;desc;141;-2492.1;-0.08818
17.5;10000;desc;142;-2552.9;-0.09092
17.5;10000;desc;143;-2613.7;-0.09201
17.5;10000;desc;144;-2674.5;-0.09444
17.5;10000;desc;145;-2735.3;-0.09623
17.5;10000;desc;146;-2796.1;-0.09704
17.5;10000;desc;147;-2856.8;-0.09816
17.5;10000;desc;148;-2917.6;-0.10006
17.5;10000;desc;149;-2978.4;-0.10158
17.5;10000;desc;150;-3039.2;-0.10251
17.5;10000;desc;151;-3100.0;-0.10313
17.5;10000;desc;152;-3160.8;-0.10454
17.5;10000;desc;153;-3221.5;-0.10735
17.5;10000;desc;154;-3282.3;-0.10950
17.5;10000;desc;155;-3343.1;-0.11136
17.5;10000;desc;156;-3403.9;-0.11264
17.5;10000;desc;157;-3464.7;-0.11334
17.5;10000;desc;158;-3525.5;-0.11413
17.5;10000;desc;159;-3586.3;-0.11589
17.5;10000;desc;160;-3647.0;-0.11799
17.5;10000;desc;161;-3707.8;-0.11890
17.5;10000;desc;162;-3768.6;-0.11945
17.5;10000;desc;163;-3829.4;-0.12118
17.5;10000;desc;164;-3890.2;-0.12275
17.5;10000;desc;165;-3951.0;-0.12353
17.5;10000;desc;166;-4011.7;-0.12536
17.5;10000;desc;167;-4072.5;-0.12610
17.5;10000;desc;168;-4133.3;-0.12623
17.5;10000;desc;169;-4194.1;-0.12789
17.5;10000;desc;170;-4254.9;-0.13086
17.5;10000;desc;171;-4315.7;-0.13193
17.5;10000;desc;172;-4376.4;-0.13300
17.5;10000;desc;173;-4437.2;-0.13404
17.5;10000;desc;174;-4498.0;-0.13488
17.5;10000;desc;175;-4558.8;-0.13648
17.5;10000;desc;176;-4619.6;-0.13826
17.5;10000;desc;177;-4680.4;-0.13963
17.5;10000;desc;178;-4741.1;-0.14082
17.5;10000;desc;179;-4801.9;-0.14191
17.5;10000;desc;180;-4862.7;-0.14290
17.5;10000;desc;181;-4923.5;-0.14376
17.5;10000;desc;182;-4984.3;-0.14508
17.5;10000;desc;183;-5045.1;-0.14666
17.5;10000;desc;184;-5105.9;-0.14751
17.5;10000;desc;185;-5166.6;-0.14808
17.5;10000;desc;186;-5227.4;-0.14941
17.5;10000;desc;187;-5288.2;-0.15107
17.5;10000;desc;188;-5349.0;-0.15213
17.5;10000;desc;189;-5409.8;-0.15311
17.5;10000;desc;190;-5470.6;-0.15434
17.5;10000;desc;191;-5531.3;-0.15562
17.5;10000;desc;192;-5592.1;-0.15677
17.5;10000;desc;193;-5652.9;-0.15775
17.5;10000;desc;194;-5713.7;-0.15883
17.5;10000;desc;195;-5774.5;-0.15968
17.5;10000;desc;196;-5835.3;-0.16076
17.5;10000;desc;197;-5896.0;-0.16146
17.5;10000;desc;198;-5956.8;-0.16234
17.5;10000;desc;199;-6017.6;-0.16396
17.5;10000;desc;200;-6078.4;-0.16533
17.5;10000;asc;0;-6078.4;-0.16533
17.5;10000;asc;1;-6017.6;-0.16474
17.5;10000;asc;2;-5956.8;-0.16353
17.5;10000;asc;3;-5896.0;-0.16254
17.5;10000;asc;4;-5835.3;-0.16172
17.5;10000;asc;5;-5774.5;-0.16080
17.5;10000;asc;6;-5713.7;-0.16014
17.5;10000;asc;7;-5652.9;-0.15970
17.5;10000;asc;8;-5592.1;-0.15902
17.5;10000;asc;9;-5531.3;-0.15817
17.5;10000;asc;10;-5470.6;-0.15703
17.5;10000;asc;11;-5409.8;-0.15612
17.5;10000;asc;12;-5349.0;-0.15474
17.5;10000;asc;13;-5288.2;-0.15453
17.5;10000;asc;14;-5227.4;-0.15444
17.5;10000;asc;15;-5166.6;-0.15267
17.5;10000;asc;16;-5105.9;-0.15092
17.5;10000;asc;17;-5045.1;-0.14954
17.5;10000;asc;18;-4984.3;-0.14831
17.5;10000;asc;19;-4923.5;-0.14762
17.5;10000;asc;20;-4862.7;-0.14675
17.5;10000;asc;21;-4801.9;-0.14535
17.5;10000;asc;22;-4741.1;-0.14424
17.5;10000;asc;23;-4680.4;-0.14323
17.5;10000;asc;24;-4619.6;-0.14182
17.5;10000;asc;25;-4558.8;-0.14095
17.5;10000;asc;26;-4498.0;-0.14002
17.5;10000;asc;27;-4437.2;-0.13922
17.5;10000;asc;28;-4376.4;-0.13817
17.5;10000;asc;29;-4315.7;-0.13667
17.5;10000;asc;30;-4254.9;-0.13548
17.5;10000;asc;31;-4194.1;-0.13471
17.5;10000;asc;32;-4133.3;-0.13419
17.5;10000;asc;33;-4072.5;-0.13305
17.5;10000;asc;34;-4011.7;-0.13053
17.5;10000;asc;35;-3951.0;-0.12903
17.5;10000;asc;36;-3890.2;-0.12784
17.5;10000;asc;37;-3829.4;-0.12679
17.5;10000;asc;38;-3768.6;-0.12568
17.5;10000;asc;39;-3707.8;-0.12496
17.5;10000;asc;40;-3647.0;-0.12388
17.5;10000;asc;41;-3586.3;-0.12189
17.5;10000;asc;42;-3525.5;-0.12065
17.5;10000;asc;43;-3464.7;-0.11981
17.5;10000;asc;44;-3403.9;-0.11825
17.5;10000;asc;45;-3343.1;-0.11612
17.5;10000;asc;46;-3282.3;-0.11487
17.5;10000;asc;47;-3221.5;-0.11400
17.5;10000;asc;48;-3160.8;-0.11268
17.5;10000;asc;49;-3100.0;-0.11132
17.5;10000;asc;50;-3039.2;-0.11010
17.5;10000;asc;51;-2978.4;-0.10838
17.5;10000;asc;52;-2917.6;-0.10655
17.5;10000;asc;53;-2856.8;-0.10549
17.5;10000;asc;54;-2796.1;-0.10491
17.5;10000;asc;55;-2735.3;-0.10433
17.5;10000;asc;56;-2674.5;-0.10342
17.5;10000;asc;57;-2613.7;-0.10215
17.5;10000;asc;58;-2552.9;-0.09976
17.5;10000;asc;59;-2492.1;-0.09761
17.5;10000;asc;60;-2431.4;-0.09646
17.5;10000;asc;61;-2370.6;-0.09547
17.5;10000;asc;62;-2309.8;-0.09412
17.5;10000;asc;63;-2249.0;-0.09261
17.5;10000;asc;64;-2188.2;-0.09101
17.5;10000;asc;65;-2127.4;-0.08923
17.5;10000;asc;66;-2066.7;-0.08759
17.5;10000;asc;67;-2005.9;-0.08563
17.5;10000;asc;68;-1945.1;-0.08435
17.5;10000;asc;69;-1884.3;-0.08343
17.5;10000;asc;70;-1823.5;-0.08161
17.5;10000;asc;71;-1762.7;-0.07949
17.5;10000;asc;72;-1702.0;-0.07785
17.5;10000;asc;73;-1641.2;-0.07591
17.5;10000;asc;74;-1580.4;-0.07424
17.5;10000;asc;75;-1519.6;-0.07277
17.5;10000;asc;76;-1458.8;-0.07117
17.5;10000;asc;77;-1398.0;-0.06957
17.5;10000;asc;78;-1337.2;-0.06766
17.5;10000;asc;79;-1276.5;-0.06582
17.5;10000;asc;80;-1215.7;-0.06415
17.5;10000;asc;81;-1154.9;-0.06208
17.5;10000;asc;82;-1094.1;-0.05986
17.5;10000;asc;83;-1033.3;-0.05805
17.5;10000;asc;84;-972.5;-0.05613
17.5;10000;asc;85;-911.8;-0.05428
17.5;10000;asc;86;-851.0;-0.05198
17.5;10000;asc;87;-790.2;-0.04994
17.5;10000;asc;88;-729.4;-0.04840
17.5;10000;asc;89;-668.6;-0.04648
17.5;10000;asc;90;-607.8;-0.04328
17.5;10000;asc;91;-547.1;-0.03992
17.5;10000;asc;92;-486.3;-0.03912
17.5;10000;asc;93;-425.5;-0.03818
17.5;10000;asc;94;-364.7;-0.03602
17.5;10000;asc;95;-303.9;-0.03431
17.5;10000;asc;96;-243.1;-0.03053
17.5;10000;asc;97;-182.4;-0.02724
17.5;10000;asc;98;-121.6;-0.02518
17.5;10000;asc;99;-60.8;-0.02108
17.5;10000;asc;100;0.0;-0.01838
17.5;10000;asc;101;60.8;-0.01675
17.5;10000;asc;102;121.6;-0.01423
17.5;10000;asc;103;182.4;-0.01046
17.5;10000;asc;104;243.1;-0.00717
17.5;10000;asc;105;303.9;-0.00359
17.5;10000;asc;106;364.7;0.00095
17.5;10000;asc;107;425.5;0.00471
17.5;10000;asc;108;486.3;0.00934
17.5;10000;asc;109;547.1;0.01298
17.5;10000;asc;110;607.8;0.01674
17.5;10000;asc;111;668.6;0.02128
17.5;10000;asc;112;729.4;0.02479
17.5;10000;asc;113;790.2;0.02623
17.5;10000;asc;114;851.0;0.02917
17.5;10000;asc;115;911.8;0.03386
17.5;10000;asc;116;972.5;0.03671
17.5;10000;asc;117;1033.3;0.03951
17.5;10000;asc;118;1094.1;0.04229
17.5;10000;asc;119;1154.9;0.04556
17.5;10000;asc;120;1215.7;0.04836
17.5;10000;asc;121;1276.5;0.05065
17.5;10000;asc;122;1337.2;0.05276
17.5;10000;asc;123;1398.0;0.05477
17.5;10000;asc;124;1458.8;0.05767
17.5;10000;asc;125;1519.6;0.05946
17.5;10000;asc;126;1580.4;0.06037
17.5;10000;asc;127;1641.2;0.06183
17.5;10000;asc;128;1702.0;0.06733
17.5;10000;asc;129;1762.7;0.06831
17.5;10000;asc;130;1823.5;0.06990
17.5;10000;asc;131;1884.3;0.07280
17.5;10000;asc;132;1945.1;0.07437
17.5;10000;asc;133;2005.9;0.07594
17.5;10000;asc;134;2066.7;0.07858
17.5;10000;asc;135;2127.4;0.08054
17.5;10000;asc;136;2188.2;0.08205
17.5;10000;asc;137;2249.0;0.08371
17.5;10000;asc;138;2309.8;0.08563
17.5;10000;asc;139;2370.6;0.08726
17.5;10000;asc;140;2431.4;0.08949
17.5;10000;asc;141;2492.1;0.09115
17.5;10000;asc;142;2552.9;0.09209
17.5;10000;asc;143;2613.7;0.09245
17.5;10000;asc;144;2674.5;0.09316
17.5;10000;asc;145;2735.3;0.09492
17.5;10000;asc;146;2796.1;0.09691
17.5;10000;asc;147;2856.8;0.09859
17.5;10000;asc;148;2917.6;0.10090
17.5;10000;asc;149;2978.4;0.10239
17.5;10000;asc;150;3039.2;0.10405
17.5;10000;asc;151;3100.0;0.10578
17.5;10000;asc;152;3160.8;0.10780
17.5;10000;asc;153;3221.5;0.10924
17.5;10000;asc;154;3282.3;0.10995
17.5;10000;asc;155;3343.1;0.11104
17.5;10000;asc;156;3403.9;0.11335
17.5;10000;asc;157;3464.7;0.11496
17.5;10000;asc;158;3525.5;0.11619
17.5;10000;asc;159;3586.3;0.11738
17.5;10000;asc;160;3647.0;0.11859
17.5;10000;asc;161;3707.8;0.12002
17.5;10000;asc;162;3768.6;0.12183
17.5;10000;asc;163;3829.4;0.12353
17.5;10000;asc;164;3890.2;0.12434
17.5;10000;asc;165;3951.0;0.12512
17.5;10000;asc;166;4011.7;0.12632
17.5;10000;asc;167;4072.5;0.12718
17.5;10000;asc;168;4133.3;0.12774
17.5;10000;asc;169;4194.1;0.12900
17.5;10000;asc;170;4254.9;0.13100
17.5;10000;asc;171;4315.7;0.13299
17.5;10000;asc;172;4376.4;0.13472
17.5;10000;asc;173;4437.2;0.13614
17.5;10000;asc;174;4498.0;0.13648
17.5;10000;asc;175;4558.8;0.13682
17.5;10000;asc;176;4619.6;0.13820
17.5;10000;asc;177;4680.4;0.14001
17.5;10000;asc;178;4741.1;0.14082
17.5;10000;asc;179;4801.9;0.14103
17.5;10000;asc;180;4862.7;0.14134
17.5;10000;asc;181;4923.5;0.14308
17.5;10000;asc;182;4984.3;0.14476
17.5;10000;asc;183;5045.1;0.14502
17.5;10000;asc;184;5105.9;0.14610
17.5;10000;asc;185;5166.6;0.14722
17.5;10000;asc;186;5227.4;0.14909
17.5;10000;asc;187;5288.2;0.15067
17.5;10000;asc;188;5349.0;0.15110
17.5;10000;asc;189;5409.8;0.15134
17.5;10000;asc;190;5470.6;0.15223
17.5;10000;asc;191;5531.3;0.15367
17.5;10000;asc;192;5592.1;0.15499
17.5;10000;asc;193;5652.9;0.15661
17.5;10000;asc;194;5713.7;0.15899
17.5;10000;asc;195;5774.5;0.16095
17.5;10000;asc;196;5835.3;0.16227
17.5;10000;asc;197;5896.0;0.16307
17.5;10000;asc;198;5956.8;0.16425
17.5;10000;asc;199;6017.6;0.16531
17.5;10000;asc;200;6078.4;0.16639
15;10000;desc;0;6057.2;0.21919
15;10000;desc;1;5996.6;0.21798
15;10000;desc;2;5936.1;0.21665
15;10000;desc;3;5875.5;0.21555
15;10000;desc;4;5814.9;0.21340
15;10000;desc;5;5754.4;0.21201
15;10000;desc;6;5693.8;0.21094
15;10000;desc;7;5633.2;0.21010
15;10000;desc;8;5572.6;0.20977
15;10000;desc;9;5512.1;0.20841
15;10000;desc;10;5451.5;0.20652
15;10000;desc;11;5390.9;0.20535
15;10000;desc;12;5330.3;0.20434
15;10000;desc;13;5269.8;0.20265
15;10000;desc;14;5209.2;0.20070
15;10000;desc;15;5148.6;0.19944
15;10000;desc;16;5088.1;0.19839
15;10000;desc;17;5027.5;0.19771
15;10000;desc;18;4966.9;0.19656
15;10000;desc;19;4906.3;0.19488
15;10000;desc;20;4845.8;0.19327
15;10000;desc;21;4785.2;0.19180
15;10000;desc;22;4724.6;0.19025
15;10000;desc;23;4664.1;0.18900
15;10000;desc;24;4603.5;0.18793
15;10000;desc;25;4542.9;0.18652
15;10000;desc;26;4482.3;0.18514
15;10000;desc;27;4421.8;0.18358
15;10000;desc;28;4361.2;0.18101
15;10000;desc;29;4300.6;0.17916
15;10000;desc;30;4240.0;0.17821
15;10000;desc;31;4179.5;0.17733
15;10000;desc;32;4118.9;0.17608
15;10000;desc;33;4058.3;0.17447
15;10000;desc;34;3997.8;0.17307
15;10000;desc;35;3937.2;0.17169
15;10000;desc;36;3876.6;0.17027
15;10000;desc;37;3816.0;0.16890
15;10000;desc;38;3755.5;0.16745
15;10000;desc;39;3694.9;0.16629
15;10000;desc;40;3634.3;0.16377
15;10000;desc;41;3573.8;0.16205
15;10000;desc;42;3513.2;0.16201
15;10000;desc;43;3452.6;0.16224
15;10000;desc;44;3392.0;0.16117
15;10000;desc;45;3331.5;0.15663
15;10000;desc;46;3270.9;0.15430
15;10000;desc;47;3210.3;0.15207
15;10000;desc;48;3149.8;0.15080
15;10000;desc;49;3089.2;0.14949
15;10000;desc;50;3028.6;0.14814
15;10000;desc;51;2968.0;0.14611
15;10000;desc;52;2907.5;0.14422
15;10000;desc;53;2846.9;0.14229
15;10000;desc;54;2786.3;0.14067
15;10000;desc;55;2725.7;0.13938
15;10000;desc;56;2665.2;0.13786
15;10000;desc;57;2604.6;0.13600
15;10000;desc;58;2544.0;0.13392
15;10000;desc;59;2483.5;0.13131
15;10000;desc;60;2422.9;0.12934
15;10000;desc;61;2362.3;0.12793
15;10000;desc;62;2301.7;0.12616
15;10000;desc;63;2241.2;0.12476
15;10000;desc;64;2180.6;0.12296
15;10000;desc;65;2120.0;0.12101
15;10000;desc;66;2059.5;0.11878
15;10000;desc;67;1998.9;0.11694
15;10000;desc;68;1938.3;0.11371
15;10000;desc;69;1877.7;0.11234
15;10000;desc;70;1817.2;0.11161
15;10000;desc;71;1756.6;0.10906
15;10000;desc;72;1696.0;0.10570
15;10000;desc;73;1635.4;0.10429
15;10000;desc;74;1574.9;0.10322
15;10000;desc;75;1514.3;0.10012
15;10000;desc;76;1453.7;0.09734
15;10000;desc;77;1393.2;0.09561
15;10000;desc;78;1332.6;0.09406
15;10000;desc;79;1272.0;0.09116
15;10000;desc;80;1211.4;0.08862
15;10000;desc;81;1150.9;0.08713
15;10000;desc;82;1090.3;0.08556
15;10000;desc;83;1029.7;0.08311
15;10000;desc;84;969.2;0.08049
15;10000;desc;85;908.6;0.07707
15;10000;desc;86;848.0;0.07508
15;10000;desc;87;787.4;0.07335
15;10000;desc;88;726.9;0.07059
15;10000;desc;89;666.3;0.06663
15;10000;desc;90;605.7;0.06446
15;10000;desc;91;545.1;0.06272
15;10000;desc;92;484.6;0.06044
15;10000;desc;93;424.0;0.05763
15;10000;desc;94;363.4;0.05470
15;10000;desc;95;302.9;0.05230
15;10000;desc;96;242.3;0.04948
15;10000;desc;97;181.7;0.04606
15;10000;desc;98;121.1;0.04279
15;10000;desc;99;60.6;0.04106
15;10000;desc;100;0.0;0.03931
15;10000;desc;101;-60.6;0.03476
15;10000;desc;102;-121.1;0.03189
15;10000;desc;103;-181.7;0.02845
15;10000;desc;104;-242.3;0.02356
15;10000;desc;105;-302.9;0.01968
15;10000;desc;106;-363.4;0.01600
15;10000;desc;107;-424.0;0.01205
15;10000;desc;108;-484.6;0.00699
15;10000;desc;109;-545.1;0.00220
15;10000;desc;110;-605.7;-0.00249
15;10000;desc;111;-666.3;-0.00749
15;10000;desc;112;-726.9;-0.01369
15;10000;desc;113;-787.4;-0.01860
15;10000;desc;114;-848.0;-0.02368
15;10000;desc;115;-908.6;-0.02915
15;10000;desc;116;-969.2;-0.03390
15;10000;desc;117;-1029.7;-0.03768
15;10000;desc;118;-1090.3;-0.04277
15;10000;desc;119;-1150.9;-0.04595
15;10000;desc;120;-1211.4;-0.04921
15;10000;desc;121;-1272.0;-0.05415
15;10000;desc;122;-1332.6;-0.05812
15;10000;desc;123;-1393.2;-0.06255
15;10000;desc;124;-1453.7;-0.06512
15;10000;desc;125;-1514.3;-0.06867
15;10000;desc;126;-1574.9;-0.07240
15;10000;desc;127;-1635.4;-0.07588
15;10000;desc;128;-1696.0;-0.07869
15;10000;desc;129;-1756.6;-0.08135
15;10000;desc;130;-1817.2;-0.08423
15;10000;desc;131;-1877.7;-0.08713
15;10000;desc;132;-1938.3;-0.09017
15;10000;desc;133;-1998.9;-0.09263
15;10000;desc;134;-2059.5;-0.09498
15;10000;desc;135;-2120.0;-0.09818
15;10000;desc;136;-2180.6;-0.10080
15;10000;desc;137;-2241.2;-0.10244
15;10000;desc;138;-2301.7;-0.10454
15;10000;desc;139;-2362.3;-0.10707
15;10000;desc;140;-2422.9;-0.10927
15;10000;desc;141;-2483.5;-0.11179
15;10000;desc;142;-2544.0;-0.11491
15;10000;desc;143;-2604.6;-0.11712
15;10000;desc;144;-2665.2;-0.11867
15;10000;desc;145;-2725.7;-0.12039
15;10000;desc;146;-2786.3;-0.12278
15;10000;desc;147;-2846.9;-0.12613
15;10000;desc;148;-2907.5;-0.12934
15;10000;desc;149;-2968.0;-0.13130
15;10000;desc;150;-3028.6;-0.13277
15;10000;desc;151;-3089.2;-0.13426
15;10000;desc;152;-3149.8;-0.13564
15;10000;desc;153;-3210.3;-0.13830
15;10000;desc;154;-3270.9;-0.14111
15;10000;desc;155;-3331.5;-0.14276
15;10000;desc;156;-3392.0;-0.14425
15;10000;desc;157;-3452.6;-0.14608
15;10000;desc;158;-3513.2;-0.14811
15;10000;desc;159;-3573.8;-0.15012
15;10000;desc;160;-3634.3;-0.15276
15;10000;desc;161;-3694.9;-0.15522
15;10000;desc;162;-3755.5;-0.15706
15;10000;desc;163;-3816.0;-0.15833
15;10000;desc;164;-3876.6;-0.15943
15;10000;desc;165;-3937.2;-0.16149
15;10000;desc;166;-3997.8;-0.16371
15;10000;desc;167;-4058.3;-0.16572
15;10000;desc;168;-4118.9;-0.16714
15;10000;desc;169;-4179.5;-0.16860
15;10000;desc;170;-4240.0;-0.16961
15;10000;desc;171;-4300.6;-0.17197
15;10000;desc;172;-4361.2;-0.17426
15;10000;desc;173;-4421.8;-0.17603
15;10000;desc;174;-4482.3;-0.17748
15;10000;desc;175;-4542.9;-0.17908
15;10000;desc;176;-4603.5;-0.18136
15;10000;desc;177;-4664.1;-0.18323
15;10000;desc;178;-4724.6;-0.18451
15;10000;desc;179;-4785.2;-0.18559
15;10000;desc;180;-4845.8;-0.18680
15;10000;desc;181;-4906.3;-0.18916
15;10000;desc;182;-4966.9;-0.19066
15;10000;desc;183;-5027.5;-0.19126
15;10000;desc;184;-5088.1;-0.19253
15;10000;desc;185;-5148.6;-0.19485
15;10000;desc;186;-5209.2;-0.19609
15;10000;desc;187;-5269.8;-0.19771
15;10000;desc;188;-5330.3;-0.19964
15;10000;desc;189;-5390.9;-0.20089
15;10000;desc;190;-5451.5;-0.20199
15;10000;desc;191;-5512.1;-0.20349
15;10000;desc;192;-5572.6;-0.20498
15;10000;desc;193;-5633.2;-0.20583
15;10000;desc;194;-5693.8;-0.20641
15;10000;desc;195;-5754.4;-0.20795
15;10000;desc;196;-5814.9;-0.20965
15;10000;desc;197;-5875.5;-0.21265
15;10000;desc;198;-5936.1;-0.21423
15;10000;desc;199;-5996.6;-0.21554
15;10000;desc;200;-6057.2;-0.21645
15;10000;asc;0;-6057.2;-0.21645
15;10000;asc;1;-5996.6;-0.21609
15;10000;asc;2;-5936.1;-0.21490
15;10000;asc;3;-5875.5;-0.21349
15;10000;asc;4;-5814.9;-0.21103
15;10000;asc;5;-5754.4;-0.20986
15;10000;asc;6;-5693.8;-0.20887
15;10000;asc;7;-5633.2;-0.20837
15;10000;asc;8;-5572.6;-0.20791
15;10000;asc;9;-5512.1;-0.20704
15;10000;asc;10;-5451.5;-0.20578
15;10000;asc;11;-5390.9;-0.20436
15;10000;asc;12;-5330.3;-0.20293
15;10000;asc;13;-5269.8;-0.20210
15;10000;asc;14;-5209.2;-0.20128
15;10000;asc;15;-5148.6;-0.20042
15;10000;asc;16;-5088.1;-0.19897
15;10000;asc;17;-5027.5;-0.19756
15;10000;asc;18;-4966.9;-0.19597
15;10000;asc;19;-4906.3;-0.19458
15;10000;asc;20;-4845.8;-0.19360
15;10000;asc;21;-4785.2;-0.19232
15;10000;asc;22;-4724.6;-0.18989
15;10000;asc;23;-4664.1;-0.18782
15;10000;asc;24;-4603.5;-0.18700
15;10000;asc;25;-4542.9;-0.18517
15;10000;asc;26;-4482.3;-0.18349
15;10000;asc;27;-4421.8;-0.18255
15;10000;asc;28;-4361.2;-0.18051
15;10000;asc;29;-4300.6;-0.17877
15;10000;asc;30;-4240.0;-0.17706
15;10000;asc;31;-4179.5;-0.17587
15;10000;asc;32;-4118.9;-0.17472
15;10000;asc;33;-4058.3;-0.17325
15;10000;asc;34;-3997.8;-0.17180
15;10000;asc;35;-3937.2;-0.17068
15;10000;asc;36;-3876.6;-0.16930
15;10000;asc;37;-3816.0;-0.16736
15;10000;asc;38;-3755.5;-0.16547
15;10000;asc;39;-3694.9;-0.16348
15;10000;asc;40;-3634.3;-0.16146
15;10000;asc;41;-3573.8;-0.16000
15;10000;asc;42;-3513.2;-0.15901
15;10000;asc;43;-3452.6;-0.15787
15;10000;asc;44;-3392.0;-0.15652
15;10000;asc;45;-3331.5;-0.15511
15;10000;asc;46;-3270.9;-0.15348
15;10000;asc;47;-3210.3;-0.15183
15;10000;asc;48;-3149.8;-0.15063
15;10000;asc;49;-3089.2;-0.14840
15;10000;asc;50;-3028.6;-0.14538
15;10000;asc;51;-2968.0;-0.14317
15;10000;asc;52;-2907.5;-0.14182
15;10000;asc;53;-2846.9;-0.14078
15;10000;asc;54;-2786.3;-0.13931
15;10000;asc;55;-2725.7;-0.13759
15;10000;asc;56;-2665.2;-0.13551
15;10000;asc;57;-2604.6;-0.13319
15;10000;asc;58;-2544.0;-0.13014
15;10000;asc;59;-2483.5;-0.12762
15;10000;asc;60;-2422.9;-0.12667
15;10000;asc;61;-2362.3;-0.12511
15;10000;asc;62;-2301.7;-0.12336
15;10000;asc;63;-2241.2;-0.12200
15;10000;asc;64;-2180.6;-0.12066
15;10000;asc;65;-2120.0;-0.11902
15;10000;asc;66;-2059.5;-0.11690
15;10000;asc;67;-1998.9;-0.11438
15;10000;asc;68;-1938.3;-0.11229
15;10000;asc;69;-1877.7;-0.11038
15;10000;asc;70;-1817.2;-0.10806
15;10000;asc;71;-1756.6;-0.10566
15;10000;asc;72;-1696.0;-0.10394
15;10000;asc;73;-1635.4;-0.10321
15;10000;asc;74;-1574.9;-0.10199
15;10000;asc;75;-1514.3;-0.09823
15;10000;asc;76;-1453.7;-0.09618
15;10000;asc;77;-1393.2;-0.09374
15;10000;asc;78;-1332.6;-0.09077
15;10000;asc;79;-1272.0;-0.08837
15;10000;asc;80;-1211.4;-0.08730
15;10000;asc;81;-1150.9;-0.08567
15;10000;asc;82;-1090.3;-0.08259
15;10000;asc;83;-1029.7;-0.08006
15;10000;asc;84;-969.2;-0.07704
15;10000;asc;85;-908.6;-0.07495
15;10000;asc;86;-848.0;-0.07339
15;10000;asc;87;-787.4;-0.07077
15;10000;asc;88;-726.9;-0.06722
15;10000;asc;89;-666.3;-0.06517
15;10000;asc;90;-605.7;-0.06285
15;10000;asc;91;-545.1;-0.05954
15;10000;asc;92;-484.6;-0.05763
15;10000;asc;93;-424.0;-0.05676
15;10000;asc;94;-363.4;-0.05451
15;10000;asc;95;-302.9;-0.04866
15;10000;asc;96;-242.3;-0.04455
15;10000;asc;97;-181.7;-0.04106
15;10000;asc;98;-121.1;-0.03846
15;10000;asc;99;-60.6;-0.03528
15;10000;asc;100;0.0;-0.03221
15;10000;asc;101;60.6;-0.03069
15;10000;asc;102;121.1;-0.02846
15;10000;asc;103;181.7;-0.02051
15;10000;asc;104;242.3;-0.01545
15;10000;asc;105;302.9;-0.01215
15;10000;asc;106;363.4;-0.00790
15;10000;asc;107;424.0;-0.00260
15;10000;asc;108;484.6;0.00169
15;10000;asc;109;545.1;0.00643
15;10000;asc;110;605.7;0.01236
15;10000;asc;111;666.3;0.01679
15;10000;asc;112;726.9;0.02199
15;10000;asc;113;787.4;0.02734
15;10000;asc;114;848.0;0.03226
15;10000;asc;115;908.6;0.03678
15;10000;asc;116;969.2;0.04094
15;10000;asc;117;1029.7;0.04482
15;10000;asc;118;1090.3;0.04934
15;10000;asc;119;1150.9;0.05395
15;10000;asc;120;1211.4;0.05618
15;10000;asc;121;1272.0;0.05987
15;10000;asc;122;1332.6;0.06371
15;10000;asc;123;1393.2;0.06707
15;10000;asc;124;1453.7;0.07024
15;10000;asc;125;1514.3;0.07364
15;10000;asc;126;1574.9;0.07700
15;10000;asc;127;1635.4;0.07935
15;10000;asc;128;1696.0;0.08239
15;10000;asc;129;1756.6;0.08633
15;10000;asc;130;1817.2;0.08925
15;10000;asc;131;1877.7;0.09213
15;10000;asc;132;1938.3;0.09472
15;10000;asc;133;1998.9;0.09748
15;10000;asc;134;2059.5;0.09904
15;10000;asc;135;2120.0;0.10209
15;10000;asc;136;2180.6;0.10623
15;10000;asc;137;2241.2;0.10898
15;10000;asc;138;2301.7;0.11087
15;10000;asc;139;2362.3;0.11268
15;10000;asc;140;2422.9;0.11451
15;10000;asc;141;2483.5;0.11659
15;10000;asc;142;2544.0;0.11886
15;10000;asc;143;2604.6;0.12129
15;10000;asc;144;2665.2;0.12403
15;10000;asc;145;2725.7;0.12636
15;10000;asc;146;2786.3;0.12791
15;10000;asc;147;2846.9;0.12939
15;10000;asc;148;2907.5;0.13154
15;10000;asc;149;2968.0;0.13422
15;10000;asc;150;3028.6;0.13625
15;10000;asc;151;3089.2;0.13837
15;10000;asc;152;3149.8;0.14057
15;10000;asc;153;3210.3;0.14207
15;10000;asc;154;3270.9;0.14384
15;10000;asc;155;3331.5;0.14558
15;10000;asc;156;3392.0;0.14694
15;10000;asc;157;3452.6;0.14981
15;10000;asc;158;3513.2;0.15286
15;10000;asc;159;3573.8;0.15361
15;10000;asc;160;3634.3;0.15452
15;10000;asc;161;3694.9;0.15651
15;10000;asc;162;3755.5;0.15847
15;10000;asc;163;3816.0;0.16012
15;10000;asc;164;3876.6;0.16192
15;10000;asc;165;3937.2;0.16377
15;10000;asc;166;3997.8;0.16540
15;10000;asc;167;4058.3;0.16728
15;10000;asc;168;4118.9;0.16940
15;10000;asc;169;4179.5;0.17060
15;10000;asc;170;4240.0;0.17191
15;10000;asc;171;4300.6;0.17385
15;10000;asc;172;4361.2;0.17521
15;10000;asc;173;4421.8;0.17669
15;10000;asc;174;4482.3;0.17808
15;10000;asc;175;4542.9;0.17877
15;10000;asc;176;4603.5;0.17938
15;10000;asc;177;4664.1;0.18103
15;10000;asc;178;4724.6;0.18356
15;10000;asc;179;4785.2;0.18537
15;10000;asc;180;4845.8;0.18715
15;10000;asc;181;4906.3;0.18926
15;10000;asc;182;4966.9;0.19111
15;10000;asc;183;5027.5;0.19308
15;10000;asc;184;5088.1;0.19407
15;10000;asc;185;5148.6;0.19516
15;10000;asc;186;5209.2;0.19602
15;10000;asc;187;5269.8;0.19823
15;10000;asc;188;5330.3;0.19937
15;10000;asc;189;5390.9;0.20005
15;10000;asc;190;5451.5;0.20200
15;10000;asc;191;5512.1;0.20362
15;10000;asc;192;5572.6;0.20485
15;10000;asc;193;5633.2;0.20676
15;10000;asc;194;5693.8;0.20900
15;10000;asc;195;5754.4;0.21073
15;10000;asc;196;5814.9;0.21227
15;10000;asc;197;5875.5;0.21412
15;10000;asc;198;5936.1;0.21514
15;10000;asc;199;5996.6;0.21636
15;10000;asc;200;6057.2;0.21871
10;10000;desc;0;6086.0;0.27290
10;10000;desc;1;6025.2;0.27157
10;10000;desc;2;5964.3;0.26969
10;10000;desc;3;5903.5;0.26830
10;10000;desc;4;5842.6;0.26691
10;10000;desc;5;5781.7;0.26530
10;10000;desc;6;5720.9;0.26364
10;10000;desc;7;5660.0;0.26182
10;10000;desc;8;5599.2;0.25993
10;10000;desc;9;5538.3;0.25878
10;10000;desc;10;5477.4;0.25788
10;10000;desc;11;5416.6;0.25638
10;10000;desc;12;5355.7;0.25474
10;10000;desc;13;5294.9;0.25341
10;10000;desc;14;5234.0;0.25222
10;10000;desc;15;5173.1;0.24982
10;10000;desc;16;5112.3;0.24773
10;10000;desc;17;5051.4;0.24627
10;10000;desc;18;4990.6;0.24465
10;10000;desc;19;4929.7;0.24291
10;10000;desc;20;4868.8;0.24130
10;10000;desc;21;4808.0;0.23981
10;10000;desc;22;4747.1;0.23880
10;10000;desc;23;4686.3;0.23621
10;10000;desc;24;4625.4;0.23443
10;10000;desc;25;4564.5;0.23309
10;10000;desc;26;4503.7;0.23056
10;10000;desc;27;4442.8;0.22840
10;10000;desc;28;4382.0;0.22649
10;10000;desc;29;4321.1;0.22512
10;10000;desc;30;4260.2;0.22448
10;10000;desc;31;4199.4;0.22342
10;10000;desc;32;4138.5;0.22053
10;10000;desc;33;4077.7;0.21823
10;10000;desc;34;4016.8;0.21564
10;10000;desc;35;3955.9;0.21360
10;10000;desc;36;3895.1;0.21263
10;10000;desc;37;3834.2;0.21003
10;10000;desc;38;3773.3;0.20784
10;10000;desc;39;3712.5;0.20606
10;10000;desc;40;3651.6;0.20456
10;10000;desc;41;3590.8;0.20276
10;10000;desc;42;3529.9;0.20068
10;10000;desc;43;3469.0;0.19859
10;10000;desc;44;3408.2;0.19648
10;10000;desc;45;3347.3;0.19440
10;10000;desc;46;3286.5;0.19263
10;10000;desc;47;3225.6;0.19122
10;10000;desc;48;3164.7;0.18974
10;10000;desc;49;3103.9;0.18744
10;10000;desc;50;3043.0;0.18574
10;10000;desc;51;2982.2;0.18310
10;10000;desc;52;2921.3;0.18164
10;10000;desc;53;2860.4;0.17905
10;10000;desc;54;2799.6;0.17663
10;10000;desc;55;2738.7;0.17556
10;10000;desc;56;2677.9;0.17315
10;10000;desc;57;2617.0;0.17010
10;10000;desc;58;2556.1;0.16810
10;10000;desc;59;2495.3;0.16596
10;10000;desc;60;2434.4;0.16334
10;10000;desc;61;2373.6;0.16131
10;10000;desc;62;2312.7;0.16006
10;10000;desc;63;2251.8;0.15830
10;10000;desc;64;2191.0;0.15530
10;10000;desc;65;2130.1;0.15212
10;10000;desc;66;2069.3;0.15044
10;10000;desc;67;2008.4;0.14739
10;10000;desc;68;1947.5;0.14491
10;10000;desc;69;1886.7;0.14197
10;10000;desc;70;1825.8;0.13983
10;10000;desc;71;1765.0;0.13809
10;10000;desc;72;1704.1;0.13649
10;10000;desc;73;1643.2;0.13190
10;10000;desc;74;1582.4;0.12976
10;10000;desc;75;1521.5;0.12785
10;10000;desc;76;1460.7;0.12554
10;10000;desc;77;1399.8;0.12306
10;10000;desc;78;1338.9;0.11927
10;10000;desc;79;1278.1;0.11633
10;10000;desc;80;1217.2;0.11421
10;10000;desc;81;1156.3;0.11202
10;10000;desc;82;1095.5;0.10968
10;10000;desc;83;1034.6;0.10661
10;10000;desc;84;973.8;0.10349
10;10000;desc;85;912.9;0.10144
10;10000;desc;86;852.0;0.09824
10;10000;desc;87;791.2;0.09457
10;10000;desc;88;730.3;0.09096
10;10000;desc;89;669.5;0.08767
10;10000;desc;90;608.6;0.08468
10;10000;desc;91;547.7;0.08183
10;10000;desc;92;486.9;0.07974
10;10000;desc;93;426.0;0.07742
10;10000;desc;94;365.2;0.07375
10;10000;desc;95;304.3;0.06901
10;10000;desc;96;243.4;0.06605
10;10000;desc;97;182.6;0.06231
10;10000;desc;98;121.7;0.05924
10;10000;desc;99;60.9;0.05852
10;10000;desc;100;0.0;0.05678
10;10000;desc;101;-60.9;0.04930
10;10000;desc;102;-121.7;0.04547
10;10000;desc;103;-182.6;0.04029
10;10000;desc;104;-243.4;0.03683
10;10000;desc;105;-304.3;0.03239
10;10000;desc;106;-365.2;0.02735
10;10000;desc;107;-426.0;0.02245
10;10000;desc;108;-486.9;0.01598
10;10000;desc;109;-547.7;0.01029
10;10000;desc;110;-608.6;0.00505
10;10000;desc;111;-669.5;-0.00077
10;10000;desc;112;-730.3;-0.00826
10;10000;desc;113;-791.2;-0.01399
10;10000;desc;114;-852.0;-0.02015
10;10000;desc;115;-912.9;-0.02510
10;10000;desc;116;-973.8;-0.03370
10;10000;desc;117;-1034.6;-0.04013
10;10000;desc;118;-1095.5;-0.04384
10;10000;desc;119;-1156.3;-0.04908
10;10000;desc;120;-1217.2;-0.05503
10;10000;desc;121;-1278.1;-0.06029
10;10000;desc;122;-1338.9;-0.06362
10;10000;desc;123;-1399.8;-0.06917
10;10000;desc;124;-1460.7;-0.07443
10;10000;desc;125;-1521.5;-0.07913
10;10000;desc;126;-1582.4;-0.08312
10;10000;desc;127;-1643.2;-0.08759
10;10000;desc;128;-1704.1;-0.09070
10;10000;desc;129;-1765.0;-0.09453
10;10000;desc;130;-1825.8;-0.09858
10;10000;desc;131;-1886.7;-0.10260
10;10000;desc;132;-1947.5;-0.10651
10;10000;desc;133;-2008.4;-0.11061
10;10000;desc;134;-2069.3;-0.11449
10;10000;desc;135;-2130.1;-0.11815
10;10000;desc;136;-2191.0;-0.12191
10;10000;desc;137;-2251.8;-0.12546
10;10000;desc;138;-2312.7;-0.12830
10;10000;desc;139;-2373.6;-0.13145
10;10000;desc;140;-2434.4;-0.13372
10;10000;desc;141;-2495.3;-0.13627
10;10000;desc;142;-2556.1;-0.13990
10;10000;desc;143;-2617.0;-0.14292
10;10000;desc;144;-2677.9;-0.14586
10;10000;desc;145;-2738.7;-0.14879
10;10000;desc;146;-2799.6;-0.15177
10;10000;desc;147;-2860.4;-0.15508
10;10000;desc;148;-2921.3;-0.15771
10;10000;desc;149;-2982.2;-0.16067
10;10000;desc;150;-3043.0;-0.16343
10;10000;desc;151;-3103.9;-0.16562
10;10000;desc;152;-3164.7;-0.16780
10;10000;desc;153;-3225.6;-0.17014
10;10000;desc;154;-3286.5;-0.17281
10;10000;desc;155;-3347.3;-0.17602
10;10000;desc;156;-3408.2;-0.17882
10;10000;desc;157;-3469.0;-0.18136
10;10000;desc;158;-3529.9;-0.18393
10;10000;desc;159;-3590.8;-0.18589
10;10000;desc;160;-3651.6;-0.18804
10;10000;desc;161;-3712.5;-0.19117
10;10000;desc;162;-3773.3;-0.19419
10;10000;desc;163;-3834.2;-0.19652
10;10000;desc;164;-3895.1;-0.19829
10;10000;desc;165;-3955.9;-0.20024
10;10000;desc;166;-4016.8;-0.20256
10;10000;desc;167;-4077.7;-0.20511
10;10000;desc;168;-4138.5;-0.20600
10;10000;desc;169;-4199.4;-0.20634
10;10000;desc;170;-4260.2;-0.20756
10;10000;desc;171;-4321.1;-0.21166
10;10000;desc;172;-4382.0;-0.21564
10;10000;desc;173;-4442.8;-0.21721
10;10000;desc;174;-4503.7;-0.21891
10;10000;desc;175;-4564.5;-0.22142
10;10000;desc;176;-4625.4;-0.22390
10;10000;desc;177;-4686.3;-0.22638
10;10000;desc;178;-4747.1;-0.22852
10;10000;desc;179;-4808.0;-0.23068
10;10000;desc;180;-4868.8;-0.23281
10;10000;desc;181;-4929.7;-0.23427
10;10000;desc;182;-4990.6;-0.23573
10;10000;desc;183;-5051.4;-0.23797
10;10000;desc;184;-5112.3;-0.24016
10;10000;desc;185;-5173.1;-0.24220
10;10000;desc;186;-5234.0;-0.24352
10;10000;desc;187;-5294.9;-0.24510
10;10000;desc;188;-5355.7;-0.24704
10;10000;desc;189;-5416.6;-0.24836
10;10000;desc;190;-5477.4;-0.24979
10;10000;desc;191;-5538.3;-0.25238
10;10000;desc;192;-5599.2;-0.25513
10;10000;desc;193;-5660.0;-0.25714
10;10000;desc;194;-5720.9;-0.25925
10;10000;desc;195;-5781.7;-0.26145
10;10000;desc;196;-5842.6;-0.26338
10;10000;desc;197;-5903.5;-0.26475
10;10000;desc;198;-5964.3;-0.26647
10;10000;desc;199;-6025.2;-0.26804
10;10000;desc;200;-6086.0;-0.27071
10;10000;asc;0;-6086.0;-0.27087
10;10000;asc;1;-6025.2;-0.26902
10;10000;asc;2;-5964.3;-0.26752
10;10000;asc;3;-5903.5;-0.26570
10;10000;asc;4;-5842.6;-0.26424
10;10000;asc;5;-5781.7;-0.26275
10;10000;asc;6;-5720.9;-0.26137
10;10000;asc;7;-5660.0;-0.26006
10;10000;asc;8;-5599.2;-0.25894
10;10000;asc;9;-5538.3;-0.25780
10;10000;asc;10;-5477.4;-0.25611
10;10000;asc;11;-5416.6;-0.25396
10;10000;asc;12;-5355.7;-0.25206
10;10000;asc;13;-5294.9;-0.25080
10;10000;asc;14;-5234.0;-0.24917
10;10000;asc;15;-5173.1;-0.24737
10;10000;asc;16;-5112.3;-0.24577
10;10000;asc;17;-5051.4;-0.24403
10;10000;asc;18;-4990.6;-0.24248
10;10000;asc;19;-4929.7;-0.24103
10;10000;asc;20;-4868.8;-0.23940
10;10000;asc;21;-4808.0;-0.23762
10;10000;asc;22;-4747.1;-0.23579
10;10000;asc;23;-4686.3;-0.23383
10;10000;asc;24;-4625.4;-0.23198
10;10000;asc;25;-4564.5;-0.23053
10;10000;asc;26;-4503.7;-0.22903
10;10000;asc;27;-4442.8;-0.22583
10;10000;asc;28;-4382.0;-0.22385
10;10000;asc;29;-4321.1;-0.22235
10;10000;asc;30;-4260.2;-0.22090
10;10000;asc;31;-4199.4;-0.21954
10;10000;asc;32;-4138.5;-0.21780
10;10000;asc;33;-4077.7;-0.21573
10;10000;asc;34;-4016.8;-0.21391
10;10000;asc;35;-3955.9;-0.21188
10;10000;asc;36;-3895.1;-0.20999
10;10000;asc;37;-3834.2;-0.20833
10;10000;asc;38;-3773.3;-0.20538
10;10000;asc;39;-3712.5;-0.20292
10;10000;asc;40;-3651.6;-0.20144
10;10000;asc;41;-3590.8;-0.20019
10;10000;asc;42;-3529.9;-0.19862
10;10000;asc;43;-3469.0;-0.19667
10;10000;asc;44;-3408.2;-0.19433
10;10000;asc;45;-3347.3;-0.19219
10;10000;asc;46;-3286.5;-0.19011
10;10000;asc;47;-3225.6;-0.18807
10;10000;asc;48;-3164.7;-0.18645
10;10000;asc;49;-3103.9;-0.18489
10;10000;asc;50;-3043.0;-0.18285
10;10000;asc;51;-2982.2;-0.18051
10;10000;asc;52;-2921.3;-0.17817
10;10000;asc;53;-2860.4;-0.17579
10;10000;asc;54;-2799.6;-0.17315
10;10000;asc;55;-2738.7;-0.17122
10;10000;asc;56;-2677.9;-0.16892
10;10000;asc;57;-2617.0;-0.16756
10;10000;asc;58;-2556.1;-0.16669
10;10000;asc;59;-2495.3;-0.16460
10;10000;asc;60;-2434.4;-0.16056
10;10000;asc;61;-2373.6;-0.15784
10;10000;asc;62;-2312.7;-0.15604
10;10000;asc;63;-2251.8;-0.15380
10;10000;asc;64;-2191.0;-0.15107
10;10000;asc;65;-2130.1;-0.14876
10;10000;asc;66;-2069.3;-0.14639
10;10000;asc;67;-2008.4;-0.14366
10;10000;asc;68;-1947.5;-0.14113
10;10000;asc;69;-1886.7;-0.13902
10;10000;asc;70;-1825.8;-0.13686
10;10000;asc;71;-1765.0;-0.13408
10;10000;asc;72;-1704.1;-0.13138
10;10000;asc;73;-1643.2;-0.12848
10;10000;asc;74;-1582.4;-0.12578
10;10000;asc;75;-1521.5;-0.12284
10;10000;asc;76;-1460.7;-0.11986
10;10000;asc;77;-1399.8;-0.11773
10;10000;asc;78;-1338.9;-0.11502
10;10000;asc;79;-1278.1;-0.11147
10;10000;asc;80;-1217.2;-0.10907
10;10000;asc;81;-1156.3;-0.10659
10;10000;asc;82;-1095.5;-0.10348
10;10000;asc;83;-1034.6;-0.10096
10;10000;asc;84;-973.8;-0.09808
10;10000;asc;85;-912.9;-0.09506
10;10000;asc;86;-852.0;-0.09238
10;10000;asc;87;-791.2;-0.08935
10;10000;asc;88;-730.3;-0.08677
10;10000;asc;89;-669.5;-0.08370
10;10000;asc;90;-608.6;-0.08118
10;10000;asc;91;-547.7;-0.07676
10;10000;asc;92;-486.9;-0.07346
10;10000;asc;93;-426.0;-0.07057
10;10000;asc;94;-365.2;-0.06736
10;10000;asc;95;-304.3;-0.06333
10;10000;asc;96;-243.4;-0.06035
10;10000;asc;97;-182.6;-0.05703
10;10000;asc;98;-121.7;-0.05231
10;10000;asc;99;-60.9;-0.04849
10;10000;asc;100;0.0;-0.04498
10;10000;asc;101;60.9;-0.04111
10;10000;asc;102;121.7;-0.03652
10;10000;asc;103;182.6;-0.03196
10;10000;asc;104;243.4;-0.02775
10;10000;asc;105;304.3;-0.02344
10;10000;asc;106;365.2;-0.01808
10;10000;asc;107;426.0;-0.01072
10;10000;asc;108;486.9;-0.00497
10;10000;asc;109;547.7;0.00060
10;10000;asc;110;608.6;0.00695
10;10000;asc;111;669.5;0.01363
10;10000;asc;112;730.3;0.01948
10;10000;asc;113;791.2;0.02522
10;10000;asc;114;852.0;0.03214
10;10000;asc;115;912.9;0.03793
10;10000;asc;116;973.8;0.04466
10;10000;asc;117;1034.6;0.04986
10;10000;asc;118;1095.5;0.05478
10;10000;asc;119;1156.3;0.06028
10;10000;asc;120;1217.2;0.06506
10;10000;asc;121;1278.1;0.06979
10;10000;asc;122;1338.9;0.07492
10;10000;asc;123;1399.8;0.07881
10;10000;asc;124;1460.7;0.08318
10;10000;asc;125;1521.5;0.08790
10;10000;asc;126;1582.4;0.09220
10;10000;asc;127;1643.2;0.09602
10;10000;asc;128;1704.1;0.10017
10;10000;asc;129;1765.0;0.10373
10;10000;asc;130;1825.8;0.10702
10;10000;asc;131;1886.7;0.10981
10;10000;asc;132;1947.5;0.11331
10;10000;asc;133;2008.4;0.11785
10;10000;asc;134;2069.3;0.12114
10;10000;asc;135;2130.1;0.12440
10;10000;asc;136;2191.0;0.12809
10;10000;asc;137;2251.8;0.13135
10;10000;asc;138;2312.7;0.13495
10;10000;asc;139;2373.6;0.13795
10;10000;asc;140;2434.4;0.13993
10;10000;asc;141;2495.3;0.14226
10;10000;asc;142;2556.1;0.14662
10;10000;asc;143;2617.0;0.14924
10;10000;asc;144;2677.9;0.15227
10;10000;asc;145;2738.7;0.15491
10;10000;asc;146;2799.6;0.15767
10;10000;asc;147;2860.4;0.16068
10;10000;asc;148;2921.3;0.16383
10;10000;asc;149;2982.2;0.16597
10;10000;asc;150;3043.0;0.16699
10;10000;asc;151;3103.9;0.16981
10;10000;asc;152;3164.7;0.17217
10;10000;asc;153;3225.6;0.17396
10;10000;asc;154;3286.5;0.17770
10;10000;asc;155;3347.3;0.18124
10;10000;asc;156;3408.2;0.18256
10;10000;asc;157;3469.0;0.18446
10;10000;asc;158;3529.9;0.18749
10;10000;asc;159;3590.8;0.19007
10;10000;asc;160;3651.6;0.19249
10;10000;asc;161;3712.5;0.19459
10;10000;asc;162;3773.3;0.19675
10;10000;asc;163;3834.2;0.19813
10;10000;asc;164;3895.1;0.19923
10;10000;asc;165;3955.9;0.20184
10;10000;asc;166;4016.8;0.20531
10;10000;asc;167;4077.7;0.20735
10;10000;asc;168;4138.5;0.20907
10;10000;asc;169;4199.4;0.21113
10;10000;asc;170;4260.2;0.21372
10;10000;asc;171;4321.1;0.21603
10;10000;asc;172;4382.0;0.21798
10;10000;asc;173;4442.8;0.21978
10;10000;asc;174;4503.7;0.22147
10;10000;asc;175;4564.5;0.22379
10;10000;asc;176;4625.4;0.22634
10;10000;asc;177;4686.3;0.22796
10;10000;asc;178;4747.1;0.22959
10;10000;asc;179;4808.0;0.23176
10;10000;asc;180;4868.8;0.23416
10;10000;asc;181;4929.7;0.23599
10;10000;asc;182;4990.6;0.23803
10;10000;asc;183;5051.4;0.24002
10;10000;asc;184;5112.3;0.24122
10;10000;asc;185;5173.1;0.24252
10;10000;asc;186;5234.0;0.24476
10;10000;asc;187;5294.9;0.24681
10;10000;asc;188;5355.7;0.24925
10;10000;asc;189;5416.6;0.25110
10;10000;asc;190;5477.4;0.25297
10;10000;asc;191;5538.3;0.25447
10;10000;asc;192;5599.2;0.25601
10;10000;asc;193;5660.0;0.25817
10;10000;asc;194;5720.9;0.26091
10;10000;asc;195;5781.7;0.26336
10;10000;asc;196;5842.6;0.26508
10;10000;asc;197;5903.5;0.26631
10;10000;asc;198;5964.3;0.26763
10;10000;asc;199;6025.2;0.27050
10;10000;asc;200;6086.0;0.27290
0;10000;desc;0;6085.0;0.34105
0;10000;desc;1;6024.2;0.34032
0;10000;desc;2;5963.3;0.33853
0;10000;desc;3;5902.5;0.33653
0;10000;desc;4;5841.6;0.33453
0;10000;desc;5;5780.8;0.33224
0;10000;desc;6;5719.9;0.32999
0;10000;desc;7;5659.1;0.32826
0;10000;desc;8;5598.2;0.32670
0;10000;desc;9;5537.4;0.32490
0;10000;desc;10;5476.5;0.32320
0;10000;desc;11;5415.7;0.32141
0;10000;desc;12;5354.8;0.31964
0;10000;desc;13;5294.0;0.31796
0;10000;desc;14;5233.1;0.31584
0;10000;desc;15;5172.3;0.31363
0;10000;desc;16;5111.4;0.31117
0;10000;desc;17;5050.6;0.30856
0;10000;desc;18;4989.7;0.30624
0;10000;desc;19;4928.9;0.30438
0;10000;desc;20;4868.0;0.30288
0;10000;desc;21;4807.2;0.30131
0;10000;desc;22;4746.3;0.29875
0;10000;desc;23;4685.5;0.29595
0;10000;desc;24;4624.6;0.29425
0;10000;desc;25;4563.8;0.29217
0;10000;desc;26;4502.9;0.28938
0;10000;desc;27;4442.1;0.28739
0;10000;desc;28;4381.2;0.28539
0;10000;desc;29;4320.4;0.28328
0;10000;desc;30;4259.5;0.28114
0;10000;desc;31;4198.7;0.27886
0;10000;desc;32;4137.8;0.27665
0;10000;desc;33;4077.0;0.27465
0;10000;desc;34;4016.1;0.27223
0;10000;desc;35;3955.3;0.26960
0;10000;desc;36;3894.4;0.26762
0;10000;desc;37;3833.6;0.26529
0;10000;desc;38;3772.7;0.26309
0;10000;desc;39;3711.9;0.26036
0;10000;desc;40;3651.0;0.25752
0;10000;desc;41;3590.2;0.25470
0;10000;desc;42;3529.3;0.25219
0;10000;desc;43;3468.5;0.25006
0;10000;desc;44;3407.6;0.24759
0;10000;desc;45;3346.8;0.24496
0;10000;desc;46;3285.9;0.24248
0;10000;desc;47;3225.1;0.23951
0;10000;desc;48;3164.2;0.23679
0;10000;desc;49;3103.4;0.23537
0;10000;desc;50;3042.5;0.23351
0;10000;desc;51;2981.7;0.23109
0;10000;desc;52;2920.8;0.22802
0;10000;desc;53;2860.0;0.22474
0;10000;desc;54;2799.1;0.22244
0;10000;desc;55;2738.3;0.22057
0;10000;desc;56;2677.4;0.21842
0;10000;desc;57;2616.6;0.21471
0;10000;desc;58;2555.7;0.21153
0;10000;desc;59;2494.9;0.20915
0;10000;desc;60;2434.0;0.20669
0;10000;desc;61;2373.2;0.20408
0;10000;desc;62;2312.3;0.20135
0;10000;desc;63;2251.5;0.19869
0;10000;desc;64;2190.6;0.19630
0;10000;desc;65;2129.8;0.19365
0;10000;desc;66;2068.9;0.19034
0;10000;desc;67;2008.1;0.18737
0;10000;desc;68;1947.2;0.18452
0;10000;desc;69;1886.4;0.18206
0;10000;desc;70;1825.5;0.17933
0;10000;desc;71;1764.7;0.17575
0;10000;desc;72;1703.8;0.17264
0;10000;desc;73;1643.0;0.16947
0;10000;desc;74;1582.1;0.16617
0;10000;desc;75;1521.3;0.16332
0;10000;desc;76;1460.4;0.16057
0;10000;desc;77;1399.6;0.15781
0;10000;desc;78;1338.7;0.15424
0;10000;desc;79;1277.9;0.15132
0;10000;desc;80;1217.0;0.14786
0;10000;desc;81;1156.2;0.14424
0;10000;desc;82;1095.3;0.14047
0;10000;desc;83;1034.5;0.13641
0;10000;desc;84;973.6;0.13375
0;10000;desc;85;912.8;0.13041
0;10000;desc;86;851.9;0.12693
0;10000;desc;87;791.1;0.12416
0;10000;desc;88;730.2;0.12154
0;10000;desc;89;669.4;0.11771
0;10000;desc;90;608.5;0.11265
0;10000;desc;91;547.7;0.10891
0;10000;desc;92;486.8;0.10577
0;10000;desc;93;426.0;0.10179
0;10000;desc;94;365.1;0.09735
0;10000;desc;95;304.3;0.09392
0;10000;desc;96;243.4;0.09019
0;10000;desc;97;182.6;0.08562
0;10000;desc;98;121.7;0.08142
0;10000;desc;99;60.9;0.07931
0;10000;desc;100;0.0;0.07760
0;10000;desc;101;-60.9;0.06969
0;10000;desc;102;-121.7;0.06556
0;10000;desc;103;-182.6;0.06031
0;10000;desc;104;-243.4;0.05431
0;10000;desc;105;-304.3;0.04924
0;10000;desc;106;-365.1;0.04423
0;10000;desc;107;-426.0;0.03800
0;10000;desc;108;-486.8;0.03157
0;10000;desc;109;-547.7;0.02609
0;10000;desc;110;-608.5;0.01968
0;10000;desc;111;-669.4;0.01184
0;10000;desc;112;-730.2;0.00359
0;10000;desc;113;-791.1;-0.00429
0;10000;desc;114;-851.9;-0.01104
0;10000;desc;115;-912.8;-0.01932
0;10000;desc;116;-973.6;-0.02724
0;10000;desc;117;-1034.5;-0.03573
0;10000;desc;118;-1095.3;-0.04251
0;10000;desc;119;-1156.2;-0.04998
0;10000;desc;120;-1217.0;-0.05702
0;10000;desc;121;-1277.9;-0.06390
0;10000;desc;122;-1338.7;-0.07026
0;10000;desc;123;-1399.6;-0.07642
0;10000;desc;124;-1460.4;-0.08295
0;10000;desc;125;-1521.3;-0.08847
0;10000;desc;126;-1582.1;-0.09423
0;10000;desc;127;-1643.0;-0.09931
0;10000;desc;128;-1703.8;-0.10405
0;10000;desc;129;-1764.7;-0.10957
0;10000;desc;130;-1825.5;-0.11391
0;10000;desc;131;-1886.4;-0.11710
0;10000;desc;132;-1947.2;-0.12396
0;10000;desc;133;-2008.1;-0.13131
0;10000;desc;134;-2068.9;-0.13604
0;10000;desc;135;-2129.8;-0.13962
0;10000;desc;136;-2190.6;-0.14360
0;10000;desc;137;-2251.5;-0.14803
0;10000;desc;138;-2312.3;-0.15204
0;10000;desc;139;-2373.2;-0.15632
0;10000;desc;140;-2434.0;-0.16068
0;10000;desc;141;-2494.9;-0.16418
0;10000;desc;142;-2555.7;-0.16886
0;10000;desc;143;-2616.6;-0.17336
0;10000;desc;144;-2677.4;-0.17725
0;10000;desc;145;-2738.3;-0.18057
0;10000;desc;146;-2799.1;-0.18375
0;10000;desc;147;-2860.0;-0.18693
0;10000;desc;148;-2920.8;-0.19072
0;10000;desc;149;-2981.7;-0.19408
0;10000;desc;150;-3042.5;-0.19743
0;10000;desc;151;-3103.4;-0.20060
0;10000;desc;152;-3164.2;-0.20328
0;10000;desc;153;-3225.1;-0.20613
0;10000;desc;154;-3285.9;-0.20992
0;10000;desc;155;-3346.8;-0.21381
0;10000;desc;156;-3407.6;-0.21716
0;10000;desc;157;-3468.5;-0.21990
0;10000;desc;158;-3529.3;-0.22339
0;10000;desc;159;-3590.2;-0.22591
0;10000;desc;160;-3651.0;-0.22914
0;10000;desc;161;-3711.9;-0.23253
0;10000;desc;162;-3772.7;-0.23509
0;10000;desc;163;-3833.6;-0.23876
0;10000;desc;164;-3894.4;-0.24178
0;10000;desc;165;-3955.3;-0.24465
0;10000;desc;166;-4016.1;-0.24790
0;10000;desc;167;-4077.0;-0.25080
0;10000;desc;168;-4137.8;-0.25302
0;10000;desc;169;-4198.7;-0.25611
0;10000;desc;170;-4259.5;-0.25937
0;10000;desc;171;-4320.4;-0.26259
0;10000;desc;172;-4381.2;-0.26546
0;10000;desc;173;-4442.1;-0.26762
0;10000;desc;174;-4502.9;-0.27012
0;10000;desc;175;-4563.8;-0.27305
0;10000;desc;176;-4624.6;-0.27556
0;10000;desc;177;-4685.5;-0.27837
0;10000;desc;178;-4746.3;-0.28125
0;10000;desc;179;-4807.2;-0.28380
0;10000;desc;180;-4868.0;-0.28646
0;10000;desc;181;-4928.9;-0.28725
0;10000;desc;182;-4989.7;-0.28997
0;10000;desc;183;-5050.6;-0.29458
0;10000;desc;184;-5111.4;-0.29689
0;10000;desc;185;-5172.3;-0.29890
0;10000;desc;186;-5233.1;-0.30088
0;10000;desc;187;-5294.0;-0.30333
0;10000;desc;188;-5354.8;-0.30592
0;10000;desc;189;-5415.7;-0.30826
0;10000;desc;190;-5476.5;-0.31031
0;10000;desc;191;-5537.4;-0.31222
0;10000;desc;192;-5598.2;-0.31459
0;10000;desc;193;-5659.1;-0.31785
0;10000;desc;194;-5719.9;-0.32073
0;10000;desc;195;-5780.8;-0.32269
0;10000;desc;196;-5841.6;-0.32466
0;10000;desc;197;-5902.5;-0.32632
0;10000;desc;198;-5963.3;-0.32895
0;10000;desc;199;-6024.2;-0.33128
0;10000;desc;200;-6085.0;-0.33366
0;10000;asc;0;-6085.0;-0.33384
0;10000;asc;1;-6024.2;-0.33240
0;10000;asc;2;-5963.3;-0.33011
0;10000;asc;3;-5902.5;-0.32785
0;10000;asc;4;-5841.6;-0.32603
0;10000;asc;5;-5780.8;-0.32418
0;10000;asc;6;-5719.9;-0.32258
0;10000;asc;7;-5659.1;-0.32159
0;10000;asc;8;-5598.2;-0.32113
0;10000;asc;9;-5537.4;-0.31975
0;10000;asc;10;-5476.5;-0.31667
0;10000;asc;11;-5415.7;-0.31446
0;10000;asc;12;-5354.8;-0.31319
0;10000;asc;13;-5294.0;-0.31133
0;10000;asc;14;-5233.1;-0.30873
0;10000;asc;15;-5172.3;-0.30588
0;10000;asc;16;-5111.4;-0.30396
0;10000;asc;17;-5050.6;-0.30201
0;10000;asc;18;-4989.7;-0.30042
0;10000;asc;19;-4928.9;-0.29814
0;10000;asc;20;-4868.0;-0.29540
0;10000;asc;21;-4807.2;-0.29318
0;10000;asc;22;-4746.3;-0.29090
0;10000;asc;23;-4685.5;-0.28832
0;10000;asc;24;-4624.6;-0.28617
0;10000;asc;25;-4563.8;-0.28411
0;10000;asc;26;-4502.9;-0.28163
0;10000;asc;27;-4442.1;-0.27968
0;10000;asc;28;-4381.2;-0.27828
0;10000;asc;29;-4320.4;-0.27617
0;10000;asc;30;-4259.5;-0.27310
0;10000;asc;31;-4198.7;-0.27083
0;10000;asc;32;-4137.8;-0.26857
0;10000;asc;33;-4077.0;-0.26597
0;10000;asc;34;-4016.1;-0.26354
0;10000;asc;35;-3955.3;-0.26147
0;10000;asc;36;-3894.4;-0.25921
0;10000;asc;37;-3833.6;-0.25661
0;10000;asc;38;-3772.7;-0.25427
0;10000;asc;39;-3711.9;-0.25218
0;10000;asc;40;-3651.0;-0.24942
0;10000;asc;41;-3590.2;-0.24642
0;10000;asc;42;-3529.3;-0.24383
0;10000;asc;43;-3468.5;-0.24101
0;10000;asc;44;-3407.6;-0.23779
0;10000;asc;45;-3346.8;-0.23585
0;10000;asc;46;-3285.9;-0.23377
0;10000;asc;47;-3225.1;-0.23130
0;10000;asc;48;-3164.2;-0.22882
0;10000;asc;49;-3103.4;-0.22658
0;10000;asc;50;-3042.5;-0.22385
0;10000;asc;51;-2981.7;-0.22149
0;10000;asc;52;-2920.8;-0.21907
0;10000;asc;53;-2860.0;-0.21600
0;10000;asc;54;-2799.1;-0.21331
0;10000;asc;55;-2738.3;-0.21097
0;10000;asc;56;-2677.4;-0.20825
0;10000;asc;57;-2616.6;-0.20594
0;10000;asc;58;-2555.7;-0.20313
0;10000;asc;59;-2494.9;-0.20020
0;10000;asc;60;-2434.0;-0.19701
0;10000;asc;61;-2373.2;-0.19366
0;10000;asc;62;-2312.3;-0.19065
0;10000;asc;63;-2251.5;-0.18880
0;10000;asc;64;-2190.6;-0.18659
0;10000;asc;65;-2129.8;-0.18333
0;10000;asc;66;-2068.9;-0.18027
0;10000;asc;67;-2008.1;-0.17733
0;10000;asc;68;-1947.2;-0.17395
0;10000;asc;69;-1886.4;-0.17113
0;10000;asc;70;-1825.5;-0.16756
0;10000;asc;71;-1764.7;-0.16435
0;10000;asc;72;-1703.8;-0.16125
0;10000;asc;73;-1643.0;-0.15850
0;10000;asc;74;-1582.1;-0.15537
0;10000;asc;75;-1521.3;-0.15187
0;10000;asc;76;-1460.4;-0.14871
0;10000;asc;77;-1399.6;-0.14555
0;10000;asc;78;-1338.7;-0.14225
0;10000;asc;79;-1277.9;-0.13921
0;10000;asc;80;-1217.0;-0.13568
0;10000;asc;81;-1156.2;-0.13165
0;10000;asc;82;-1095.3;-0.12860
0;10000;asc;83;-1034.5;-0.12567
0;10000;asc;84;-973.6;-0.12239
0;10000;asc;85;-912.8;-0.11929
0;10000;asc;86;-851.9;-0.11537
0;10000;asc;87;-791.1;-0.11058
0;10000;asc;88;-730.2;-0.10667
0;10000;asc;89;-669.4;-0.10302
0;10000;asc;90;-608.5;-0.09909
0;10000;asc;91;-547.7;-0.09592
0;10000;asc;92;-486.8;-0.09242
0;10000;asc;93;-426.0;-0.08814
0;10000;asc;94;-365.1;-0.08386
0;10000;asc;95;-304.3;-0.07916
0;10000;asc;96;-243.4;-0.07502
0;10000;asc;97;-182.6;-0.07068
0;10000;asc;98;-121.7;-0.06643
0;10000;asc;99;-60.9;-0.06175
0;10000;asc;100;0.0;-0.05761
0;10000;asc;101;60.9;-0.05163
0;10000;asc;102;121.7;-0.04771
0;10000;asc;103;182.6;-0.04183
0;10000;asc;104;243.4;-0.03651
0;10000;asc;105;304.3;-0.03114
0;10000;asc;106;365.1;-0.02515
0;10000;asc;107;426.0;-0.01808
0;10000;asc;108;486.8;-0.01180
0;10000;asc;109;547.7;-0.00443
0;10000;asc;110;608.5;0.00179
0;10000;asc;111;669.4;0.00729
0;10000;asc;112;730.2;0.02040
0;10000;asc;113;791.1;0.02700
0;10000;asc;114;851.9;0.03372
0;10000;asc;115;912.8;0.04134
0;10000;asc;116;973.6;0.05055
0;10000;asc;117;1034.5;0.05678
0;10000;asc;118;1095.3;0.06361
0;10000;asc;119;1156.2;0.07080
0;10000;asc;120;1217.0;0.07729
0;10000;asc;121;1277.9;0.08370
0;10000;asc;122;1338.7;0.08915
0;10000;asc;123;1399.6;0.09562
0;10000;asc;124;1460.4;0.10187
0;10000;asc;125;1521.3;0.10730
0;10000;asc;126;1582.1;0.11251
0;10000;asc;127;1643.0;0.11678
0;10000;asc;128;1703.8;0.12215
0;10000;asc;129;1764.7;0.12759
0;10000;asc;130;1825.5;0.13223
0;10000;asc;131;1886.4;0.13663
0;10000;asc;132;1947.2;0.14101
0;10000;asc;133;2008.1;0.14619
0;10000;asc;134;2068.9;0.15095
0;10000;asc;135;2129.8;0.15494
0;10000;asc;136;2190.6;0.16054
0;10000;asc;137;2251.5;0.16338
0;10000;asc;138;2312.3;0.16738
0;10000;asc;139;2373.2;0.16982
0;10000;asc;140;2434.0;0.17440
0;10000;asc;141;2494.9;0.17869
0;10000;asc;142;2555.7;0.18263
0;10000;asc;143;2616.6;0.18618
0;10000;asc;144;2677.4;0.19002
0;10000;asc;145;2738.3;0.19280
0;10000;asc;146;2799.1;0.19693
0;10000;asc;147;2860.0;0.20074
0;10000;asc;148;2920.8;0.20446
0;10000;asc;149;2981.7;0.20695
0;10000;asc;150;3042.5;0.20894
0;10000;asc;151;3103.4;0.21204
0;10000;asc;152;3164.2;0.21606
0;10000;asc;153;3225.1;0.21977
0;10000;asc;154;3285.9;0.22334
0;10000;asc;155;3346.8;0.22552
0;10000;asc;156;3407.6;0.22805
0;10000;asc;157;3468.5;0.23157
0;10000;asc;158;3529.3;0.23466
0;10000;asc;159;3590.2;0.23781
0;10000;asc;160;3651.0;0.24100
0;10000;asc;161;3711.9;0.24365
0;10000;asc;162;3772.7;0.24594
0;10000;asc;163;3833.6;0.24888
0;10000;asc;164;3894.4;0.25213
0;10000;asc;165;3955.3;0.25481
0;10000;asc;166;4016.1;0.25737
0;10000;asc;167;4077.0;0.26003
0;10000;asc;168;4137.8;0.26284
0;10000;asc;169;4198.7;0.26646
0;10000;asc;170;4259.5;0.26945
0;10000;asc;171;4320.4;0.27161
0;10000;asc;172;4381.2;0.27356
0;10000;asc;173;4442.1;0.27644
0;10000;asc;174;4502.9;0.27907
0;10000;asc;175;4563.8;0.28099
0;10000;asc;176;4624.6;0.28338
0;10000;asc;177;4685.5;0.28570
0;10000;asc;178;4746.3;0.28856
0;10000;asc;179;4807.2;0.29087
0;10000;asc;180;4868.0;0.29364
0;10000;asc;181;4928.9;0.29622
0;10000;asc;182;4989.7;0.29870
0;10000;asc;183;5050.6;0.30155
0;10000;asc;184;5111.4;0.30391
0;10000;asc;185;5172.3;0.30539
0;10000;asc;186;5233.1;0.30724
0;10000;asc;187;5294.0;0.31062
0;10000;asc;188;5354.8;0.31331
0;10000;asc;189;5415.7;0.31541
0;10000;asc;190;5476.5;0.31755
0;10000;asc;191;5537.4;0.31991
0;10000;asc;192;5598.2;0.32271
0;10000;asc;193;5659.1;0.32526
0;10000;asc;194;5719.9;0.32778
0;10000;asc;195;5780.8;0.33069
0;10000;asc;196;5841.6;0.33330
0;10000;asc;197;5902.5;0.33533
0;10000;asc;198;5963.3;0.33709
0;10000;asc;199;6024.2;0.33904
0;10000;asc;200;6085.0;0.34105
-10;10000;desc;0;6073.4;0.41147
-10;10000;desc;1;6012.6;0.41035
-10;10000;desc;2;5951.9;0.40733
-10;10000;desc;3;5891.2;0.40420
-10;10000;desc;4;5830.4;0.40132
-10;10000;desc;5;5769.7;0.39889
-10;10000;desc;6;5709.0;0.39685
-10;10000;desc;7;5648.2;0.39481
-10;10000;desc;8;5587.5;0.39245
-10;10000;desc;9;5526.8;0.38975
-10;10000;desc;10;5466.0;0.38792
-10;10000;desc;11;5405.3;0.38538
-10;10000;desc;12;5344.6;0.38280
-10;10000;desc;13;5283.8;0.38039
-10;10000;desc;14;5223.1;0.37747
-10;10000;desc;15;5162.4;0.37441
-10;10000;desc;16;5101.6;0.37187
-10;10000;desc;17;5040.9;0.36980
-10;10000;desc;18;4980.2;0.36822
-10;10000;desc;19;4919.4;0.36592
-10;10000;desc;20;4858.7;0.36338
-10;10000;desc;21;4798.0;0.36131
-10;10000;desc;22;4737.2;0.35860
-10;10000;desc;23;4676.5;0.35592
-10;10000;desc;24;4615.8;0.35430
-10;10000;desc;25;4555.0;0.35271
-10;10000;desc;26;4494.3;0.34822
-10;10000;desc;27;4433.6;0.34444
-10;10000;desc;28;4372.8;0.34164
-10;10000;desc;29;4312.1;0.33961
-10;10000;desc;30;4251.4;0.33752
-10;10000;desc;31;4190.6;0.33404
-10;10000;desc;32;4129.9;0.33084
-10;10000;desc;33;4069.2;0.32824
-10;10000;desc;34;4008.4;0.32542
-10;10000;desc;35;3947.7;0.32280
-10;10000;desc;36;3887.0;0.32034
-10;10000;desc;37;3826.2;0.31758
-10;10000;desc;38;3765.5;0.31477
-10;10000;desc;39;3704.8;0.31160
-10;10000;desc;40;3644.0;0.30872
-10;10000;desc;41;3583.3;0.30490
-10;10000;desc;42;3522.6;0.30174
-10;10000;desc;43;3461.8;0.29879
-10;10000;desc;44;3401.1;0.29575
-10;10000;desc;45;3340.4;0.29336
-10;10000;desc;46;3279.6;0.29126
-10;10000;desc;47;3218.9;0.28869
-10;10000;desc;48;3158.2;0.28529
-10;10000;desc;49;3097.4;0.28201
-10;10000;desc;50;3036.7;0.27963
-10;10000;desc;51;2976.0;0.27605
-10;10000;desc;52;2915.2;0.27203
-10;10000;desc;53;2854.5;0.26877
-10;10000;desc;54;2793.8;0.26476
-10;10000;desc;55;2733.0;0.26268
-10;10000;desc;56;2672.3;0.26028
-10;10000;desc;57;2611.6;0.25833
-10;10000;desc;58;2550.8;0.25621
-10;10000;desc;59;2490.1;0.25203
-10;10000;desc;60;2429.4;0.24690
-10;10000;desc;61;2368.6;0.24347
-10;10000;desc;62;2307.9;0.23980
-10;10000;desc;63;2247.2;0.23578
-10;10000;desc;64;2186.4;0.23277
-10;10000;desc;65;2125.7;0.23012
-10;10000;desc;66;2065.0;0.22681
-10;10000;desc;67;2004.2;0.22368
-10;10000;desc;68;1943.5;0.21935
-10;10000;desc;69;1882.7;0.21629
-10;10000;desc;70;1822.0;0.21274
-10;10000;desc;71;1761.3;0.20892
-10;10000;desc;72;1700.5;0.20533
-10;10000;desc;73;1639.8;0.20154
-10;10000;desc;74;1579.1;0.19759
-10;10000;desc;75;1518.3;0.19427
-10;10000;desc;76;1457.6;0.19079
-10;10000;desc;77;1396.9;0.18612
-10;10000;desc;78;1336.1;0.18287
-10;10000;desc;79;1275.4;0.17871
-10;10000;desc;80;1214.7;0.17383
-10;10000;desc;81;1153.9;0.16992
-10;10000;desc;82;1093.2;0.16661
-10;10000;desc;83;1032.5;0.16303
-10;10000;desc;84;971.7;0.15863
-10;10000;desc;85;911.0;0.15389
-10;10000;desc;86;850.3;0.14989
-10;10000;desc;87;789.5;0.14607
-10;10000;desc;88;728.8;0.14118
-10;10000;desc;89;668.1;0.13628
-10;10000;desc;90;607.3;0.13201
-10;10000;desc;91;546.6;0.12823
-10;10000;desc;92;485.9;0.12353
-10;10000;desc;93;425.1;0.11827
-10;10000;desc;94;364.4;0.11336
-10;10000;desc;95;303.7;0.10851
-10;10000;desc;96;242.9;0.10427
-10;10000;desc;97;182.2;0.09876
-10;10000;desc;98;121.5;0.09387
-10;10000;desc;99;60.7;0.08891
-10;10000;desc;100;0.0;0.08505
-10;10000;desc;101;-60.7;0.07764
-10;10000;desc;102;-121.5;0.07261
-10;10000;desc;103;-182.2;0.06660
-10;10000;desc;104;-242.9;0.06113
-10;10000;desc;105;-303.7;0.05511
-10;10000;desc;106;-364.4;0.04752
-10;10000;desc;107;-425.1;0.04030
-10;10000;desc;108;-485.9;0.03305
-10;10000;desc;109;-546.6;0.02477
-10;10000;desc;110;-607.3;0.01582
-10;10000;desc;111;-668.1;0.00729
-10;10000;desc;112;-728.8;-0.00147
-10;10000;desc;113;-789.5;-0.01222
-10;10000;desc;114;-850.3;-0.02074
-10;10000;desc;115;-911.0;-0.03027
-10;10000;desc;116;-971.7;-0.04287
-10;10000;desc;117;-1032.5;-0.05136
-10;10000;desc;118;-1093.2;-0.05924
-10;10000;desc;119;-1153.9;-0.06903
-10;10000;desc;120;-1214.7;-0.07738
-10;10000;desc;121;-1275.4;-0.08333
-10;10000;desc;122;-1336.1;-0.09117
-10;10000;desc;123;-1396.9;-0.10152
-10;10000;desc;124;-1457.6;-0.10986
-10;10000;desc;125;-1518.3;-0.11636
-10;10000;desc;126;-1579.1;-0.12303
-10;10000;desc;127;-1639.8;-0.12875
-10;10000;desc;128;-1700.5;-0.13570
-10;10000;desc;129;-1761.3;-0.14247
-10;10000;desc;130;-1822.0;-0.14847
-10;10000;desc;131;-1882.7;-0.15401
-10;10000;desc;132;-1943.5;-0.15998
-10;10000;desc;133;-2004.2;-0.16653
-10;10000;desc;134;-2065.0;-0.17178
-10;10000;desc;135;-2125.7;-0.17641
-10;10000;desc;136;-2186.4;-0.18130
-10;10000;desc;137;-2247.2;-0.18703
-10;10000;desc;138;-2307.9;-0.19254
-10;10000;desc;139;-2368.6;-0.19753
-10;10000;desc;140;-2429.4;-0.20196
-10;10000;desc;141;-2490.1;-0.20687
-10;10000;desc;142;-2550.8;-0.21195
-10;10000;desc;143;-2611.6;-0.21640
-10;10000;desc;144;-2672.3;-0.21973
-10;10000;desc;145;-2733.0;-0.22317
-10;10000;desc;146;-2793.8;-0.22748
-10;10000;desc;147;-2854.5;-0.23262
-10;10000;desc;148;-2915.2;-0.23762
-10;10000;desc;149;-2976.0;-0.24241
-10;10000;desc;150;-3036.7;-0.24595
-10;10000;desc;151;-3097.4;-0.24934
-10;10000;desc;152;-3158.2;-0.25360
-10;10000;desc;153;-3218.9;-0.25798
-10;10000;desc;154;-3279.6;-0.26223
-10;10000;desc;155;-3340.4;-0.26597
-10;10000;desc;156;-3401.1;-0.26924
-10;10000;desc;157;-3461.8;-0.27266
-10;10000;desc;158;-3522.6;-0.27677
-10;10000;desc;159;-3583.3;-0.28108
-10;10000;desc;160;-3644.0;-0.28483
-10;10000;desc;161;-3704.8;-0.28855
-10;10000;desc;162;-3765.5;-0.29258
-10;10000;desc;163;-3826.2;-0.29611
-10;10000;desc;164;-3887.0;-0.29905
-10;10000;desc;165;-3947.7;-0.30226
-10;10000;desc;166;-4008.4;-0.30535
-10;10000;desc;167;-4069.2;-0.30913
-10;10000;desc;168;-4129.9;-0.31255
-10;10000;desc;169;-4190.6;-0.31626
-10;10000;desc;170;-4251.4;-0.31901
-10;10000;desc;171;-4312.1;-0.32272
-10;10000;desc;172;-4372.8;-0.32599
-10;10000;desc;173;-4433.6;-0.32865
-10;10000;desc;174;-4494.3;-0.33111
-10;10000;desc;175;-4555.0;-0.33377
-10;10000;desc;176;-4615.8;-0.33715
-10;10000;desc;177;-4676.5;-0.34115
-10;10000;desc;178;-4737.2;-0.34461
-10;10000;desc;179;-4798.0;-0.34759
-10;10000;desc;180;-4858.7;-0.35063
-10;10000;desc;181;-4919.4;-0.35364
-10;10000;desc;182;-4980.2;-0.35677
-10;10000;desc;183;-5040.9;-0.35932
-10;10000;desc;184;-5101.6;-0.36215
-10;10000;desc;185;-5162.4;-0.36534
-10;10000;desc;186;-5223.1;-0.36858
-10;10000;desc;187;-5283.8;-0.37119
-10;10000;desc;188;-5344.6;-0.37404
-10;10000;desc;189;-5405.3;-0.37764
-10;10000;desc;190;-5466.0;-0.38086
-10;10000;desc;191;-5526.8;-0.38384
-10;10000;desc;192;-5587.5;-0.38705
-10;10000;desc;193;-5648.2;-0.38933
-10;10000;desc;194;-5709.0;-0.39251
-10;10000;desc;195;-5769.7;-0.39532
-10;10000;desc;196;-5830.4;-0.39794
-10;10000;desc;197;-5891.2;-0.40063
-10;10000;desc;198;-5951.9;-0.40312
-10;10000;desc;199;-6012.6;-0.40540
-10;10000;desc;200;-6073.4;-0.40773
-10;10000;asc;0;-6073.4;-0.40773
-10;10000;asc;1;-6012.6;-0.40622
-10;10000;asc;2;-5951.9;-0.40418
-10;10000;asc;3;-5891.2;-0.40169
-10;10000;asc;4;-5830.4;-0.39927
-10;10000;asc;5;-5769.7;-0.39739
-10;10000;asc;6;-5709.0;-0.39504
-10;10000;asc;7;-5648.2;-0.39263
-10;10000;asc;8;-5587.5;-0.39094
-10;10000;asc;9;-5526.8;-0.38936
-10;10000;asc;10;-5466.0;-0.38670
-10;10000;asc;11;-5405.3;-0.38446
-10;10000;asc;12;-5344.6;-0.38239
-10;10000;asc;13;-5283.8;-0.37955
-10;10000;asc;14;-5223.1;-0.37633
-10;10000;asc;15;-5162.4;-0.37365
-10;10000;asc;16;-5101.6;-0.37152
-10;10000;asc;17;-5040.9;-0.36920
-10;10000;asc;18;-4980.2;-0.36635
-10;10000;asc;19;-4919.4;-0.36403
-10;10000;asc;20;-4858.7;-0.36155
-10;10000;asc;21;-4798.0;-0.35880
-10;10000;asc;22;-4737.2;-0.35615
-10;10000;asc;23;-4676.5;-0.35294
-10;10000;asc;24;-4615.8;-0.34980
-10;10000;asc;25;-4555.0;-0.34763
-10;10000;asc;26;-4494.3;-0.34543
-10;10000;asc;27;-4433.6;-0.34212
-10;10000;asc;28;-4372.8;-0.33880
-10;10000;asc;29;-4312.1;-0.33643
-10;10000;asc;30;-4251.4;-0.33404
-10;10000;asc;31;-4190.6;-0.33104
-10;10000;asc;32;-4129.9;-0.32757
-10;10000;asc;33;-4069.2;-0.32502
-10;10000;asc;34;-4008.4;-0.32207
-10;10000;asc;35;-3947.7;-0.31935
-10;10000;asc;36;-3887.0;-0.31723
-10;10000;asc;37;-3826.2;-0.31541
-10;10000;asc;38;-3765.5;-0.31308
-10;10000;asc;39;-3704.8;-0.30894
-10;10000;asc;40;-3644.0;-0.30536
-10;10000;asc;41;-3583.3;-0.30202
-10;10000;asc;42;-3522.6;-0.30012
-10;10000;asc;43;-3461.8;-0.29755
-10;10000;asc;44;-3401.1;-0.29435
-10;10000;asc;45;-3340.4;-0.29096
-10;10000;asc;46;-3279.6;-0.28776
-10;10000;asc;47;-3218.9;-0.28485
-10;10000;asc;48;-3158.2;-0.28188
-10;10000;asc;49;-3097.4;-0.27878
-10;10000;asc;50;-3036.7;-0.27607
-10;10000;asc;51;-2976.0;-0.27370
-10;10000;asc;52;-2915.2;-0.26976
-10;10000;asc;53;-2854.5;-0.26666
-10;10000;asc;54;-2793.8;-0.26367
-10;10000;asc;55;-2733.0;-0.26021
-10;10000;asc;56;-2672.3;-0.25712
-10;10000;asc;57;-2611.6;-0.25344
-10;10000;asc;58;-2550.8;-0.25029
-10;10000;asc;59;-2490.1;-0.24740
-10;10000;asc;60;-2429.4;-0.24391
-10;10000;asc;61;-2368.6;-0.24045
-10;10000;asc;62;-2307.9;-0.23787
-10;10000;asc;63;-2247.2;-0.23501
-10;10000;asc;64;-2186.4;-0.23005
-10;10000;asc;65;-2125.7;-0.22612
-10;10000;asc;66;-2065.0;-0.22213
-10;10000;asc;67;-2004.2;-0.21837
-10;10000;asc;68;-1943.5;-0.21524
-10;10000;asc;69;-1882.7;-0.21147
-10;10000;asc;70;-1822.0;-0.20758
-10;10000;asc;71;-1761.3;-0.20509
-10;10000;asc;72;-1700.5;-0.20059
-10;10000;asc;73;-1639.8;-0.19701
-10;10000;asc;74;-1579.1;-0.19382
-10;10000;asc;75;-1518.3;-0.19005
-10;10000;asc;76;-1457.6;-0.18727
-10;10000;asc;77;-1396.9;-0.18256
-10;10000;asc;78;-1336.1;-0.17628
-10;10000;asc;79;-1275.4;-0.17207
-10;10000;asc;80;-1214.7;-0.16912
-10;10000;asc;81;-1153.9;-0.16590
-10;10000;asc;82;-1093.2;-0.16093
-10;10000;asc;83;-1032.5;-0.15659
-10;10000;asc;84;-971.7;-0.15262
-10;10000;asc;85;-911.0;-0.14917
-10;10000;asc;86;-850.3;-0.14555
-10;10000;asc;87;-789.5;-0.14076
-10;10000;asc;88;-728.8;-0.13618
-10;10000;asc;89;-668.1;-0.13177
-10;10000;asc;90;-607.3;-0.12661
-10;10000;asc;91;-546.6;-0.12167
-10;10000;asc;92;-485.9;-0.11708
-10;10000;asc;93;-425.1;-0.11263
-10;10000;asc;94;-364.4;-0.10715
-10;10000;asc;95;-303.7;-0.10080
-10;10000;asc;96;-242.9;-0.09662
-10;10000;asc;97;-182.2;-0.09155
-10;10000;asc;98;-121.5;-0.08610
-10;10000;asc;99;-60.7;-0.08035
-10;10000;asc;100;0.0;-0.07427
-10;10000;asc;101;60.7;-0.06896
-10;10000;asc;102;121.5;-0.06348
-10;10000;asc;103;182.2;-0.05683
-10;10000;asc;104;242.9;-0.05107
-10;10000;asc;105;303.7;-0.04475
-10;10000;asc;106;364.4;-0.03767
-10;10000;asc;107;425.1;-0.02943
-10;10000;asc;108;485.9;-0.01997
-10;10000;asc;109;546.6;-0.01243
-10;10000;asc;110;607.3;-0.00250
-10;10000;asc;111;668.1;0.00721
-10;10000;asc;112;728.8;0.01720
-10;10000;asc;113;789.5;0.02684
-10;10000;asc;114;850.3;0.03617
-10;10000;asc;115;911.0;0.04446
-10;10000;asc;116;971.7;0.05459
-10;10000;asc;117;1032.5;0.06378
-10;10000;asc;118;1093.2;0.07273
-10;10000;asc;119;1153.9;0.08133
-10;10000;asc;120;1214.7;0.09075
-10;10000;asc;121;1275.4;0.09894
-10;10000;asc;122;1336.1;0.10698
-10;10000;asc;123;1396.9;0.11370
-10;10000;asc;124;1457.6;0.12041
-10;10000;asc;125;1518.3;0.12701
-10;10000;asc;126;1579.1;0.13271
-10;10000;asc;127;1639.8;0.13878
-10;10000;asc;128;1700.5;0.14577
-10;10000;asc;129;1761.3;0.15225
-10;10000;asc;130;1822.0;0.15851
-10;10000;asc;131;1882.7;0.16307
-10;10000;asc;132;1943.5;0.16917
-10;10000;asc;133;2004.2;0.17421
-10;10000;asc;134;2065.0;0.17974
-10;10000;asc;135;2125.7;0.18546
-10;10000;asc;136;2186.4;0.19155
-10;10000;asc;137;2247.2;0.19533
-10;10000;asc;138;2307.9;0.19828
-10;10000;asc;139;2368.6;0.20307
-10;10000;asc;140;2429.4;0.20731
-10;10000;asc;141;2490.1;0.21300
-10;10000;asc;142;2550.8;0.21907
-10;10000;asc;143;2611.6;0.22258
-10;10000;asc;144;2672.3;0.22750
-10;10000;asc;145;2733.0;0.23156
-10;10000;asc;146;2793.8;0.23642
-10;10000;asc;147;2854.5;0.24035
-10;10000;asc;148;2915.2;0.24327
-10;10000;asc;149;2976.0;0.24700
-10;10000;asc;150;3036.7;0.25127
-10;10000;asc;151;3097.4;0.25547
-10;10000;asc;152;3158.2;0.25951
-10;10000;asc;153;3218.9;0.26393
-10;10000;asc;154;3279.6;0.26775
-10;10000;asc;155;3340.4;0.27070
-10;10000;asc;156;3401.1;0.27360
-10;10000;asc;157;3461.8;0.27703
-10;10000;asc;158;3522.6;0.28160
-10;10000;asc;159;3583.3;0.28631
-10;10000;asc;160;3644.0;0.28970
-10;10000;asc;161;3704.8;0.29282
-10;10000;asc;162;3765.5;0.29576
-10;10000;asc;163;3826.2;0.29897
-10;10000;asc;164;3887.0;0.30285
-10;10000;asc;165;3947.7;0.30598
-10;10000;asc;166;4008.4;0.30932
-10;10000;asc;167;4069.2;0.31269
-10;10000;asc;168;4129.9;0.31549
-10;10000;asc;169;4190.6;0.31883
-10;10000;asc;170;4251.4;0.32193
-10;10000;asc;171;4312.1;0.32504
-10;10000;asc;172;4372.8;0.32763
-10;10000;asc;173;4433.6;0.33043
-10;10000;asc;174;4494.3;0.33461
-10;10000;asc;175;4555.0;0.33909
-10;10000;asc;176;4615.8;0.34238
-10;10000;asc;177;4676.5;0.34400
-10;10000;asc;178;4737.2;0.34547
-10;10000;asc;179;4798.0;0.34924
-10;10000;asc;180;4858.7;0.35351
-10;10000;asc;181;4919.4;0.35678
-10;10000;asc;182;4980.2;0.35912
-10;10000;asc;183;5040.9;0.36162
-10;10000;asc;184;5101.6;0.36450
-10;10000;asc;185;5162.4;0.36735
-10;10000;asc;186;5223.1;0.37027
-10;10000;asc;187;5283.8;0.37334
-10;10000;asc;188;5344.6;0.37579
-10;10000;asc;189;5405.3;0.37769
-10;10000;asc;190;5466.0;0.38057
-10;10000;asc;191;5526.8;0.38346
-10;10000;asc;192;5587.5;0.38683
-10;10000;asc;193;5648.2;0.39015
-10;10000;asc;194;5709.0;0.39385
-10;10000;asc;195;5769.7;0.39708
-10;10000;asc;196;5830.4;0.39998
-10;10000;asc;197;5891.2;0.40302
-10;10000;asc;198;5951.9;0.40595
-10;10000;asc;199;6012.6;0.40905
-10;10000;asc;200;6073.4;0.41147
-20;10000;desc;0;6074.7;0.51584
-20;10000;desc;1;6014.0;0.51445
-20;10000;desc;2;5953.2;0.51147
-20;10000;desc;3;5892.5;0.50858
-20;10000;desc;4;5831.7;0.50587
-20;10000;desc;5;5771.0;0.50344
-20;10000;desc;6;5710.3;0.50069
-20;10000;desc;7;5649.5;0.49770
-20;10000;desc;8;5588.8;0.49558
-20;10000;desc;9;5528.0;0.49313
-20;10000;desc;10;5467.3;0.48945
-20;10000;desc;11;5406.5;0.48622
-20;10000;desc;12;5345.8;0.48252
-20;10000;desc;13;5285.0;0.47899
-20;10000;desc;14;5224.3;0.47625
-20;10000;desc;15;5163.5;0.47373
-20;10000;desc;16;5102.8;0.47071
-20;10000;desc;17;5042.0;0.46730
-20;10000;desc;18;4981.3;0.46460
-20;10000;desc;19;4920.5;0.46148
-20;10000;desc;20;4859.8;0.45868
-20;10000;desc;21;4799.0;0.45532
-20;10000;desc;22;4738.3;0.45188
-20;10000;desc;23;4677.5;0.44841
-20;10000;desc;24;4616.8;0.44482
-20;10000;desc;25;4556.1;0.44148
-20;10000;desc;26;4495.3;0.43851
-20;10000;desc;27;4434.6;0.43509
-20;10000;desc;28;4373.8;0.43127
-20;10000;desc;29;4313.1;0.42796
-20;10000;desc;30;4252.3;0.42451
-20;10000;desc;31;4191.6;0.42135
-20;10000;desc;32;4130.8;0.41741
-20;10000;desc;33;4070.1;0.41390
-20;10000;desc;34;4009.3;0.41097
-20;10000;desc;35;3948.6;0.40763
-20;10000;desc;36;3887.8;0.40381
-20;10000;desc;37;3827.1;0.40095
-20;10000;desc;38;3766.3;0.39765
-20;10000;desc;39;3705.6;0.39422
-20;10000;desc;40;3644.8;0.38945
-20;10000;desc;41;3584.1;0.38532
-20;10000;desc;42;3523.3;0.38152
-20;10000;desc;43;3462.6;0.37978
-20;10000;desc;44;3401.9;0.37820
-20;10000;desc;45;3341.1;0.37334
-20;10000;desc;46;3280.4;0.36719
-20;10000;desc;47;3219.6;0.36346
-20;10000;desc;48;3158.9;0.35982
-20;10000;desc;49;3098.1;0.35649
-20;10000;desc;50;3037.4;0.35388
-20;10000;desc;51;2976.6;0.35038
-20;10000;desc;52;2915.9;0.34614
-20;10000;desc;53;2855.1;0.34262
-20;10000;desc;54;2794.4;0.33840
-20;10000;desc;55;2733.6;0.33379
-20;10000;desc;56;2672.9;0.32917
-20;10000;desc;57;2612.1;0.32491
-20;10000;desc;58;2551.4;0.32092
-20;10000;desc;59;2490.6;0.31699
-20;10000;desc;60;2429.9;0.31294
-20;10000;desc;61;2369.1;0.30857
-20;10000;desc;62;2308.4;0.30403
-20;10000;desc;63;2247.7;0.29987
-20;10000;desc;64;2186.9;0.29532
-20;10000;desc;65;2126.2;0.29092
-20;10000;desc;66;2065.4;0.28693
-20;10000;desc;67;2004.7;0.28207
-20;10000;desc;68;1943.9;0.27791
-20;10000;desc;69;1883.2;0.27408
-20;10000;desc;70;1822.4;0.26941
-20;10000;desc;71;1761.7;0.26541
-20;10000;desc;72;1700.9;0.26099
-20;10000;desc;73;1640.2;0.25631
-20;10000;desc;74;1579.4;0.25221
-20;10000;desc;75;1518.7;0.24739
-20;10000;desc;76;1457.9;0.24188
-20;10000;desc;77;1397.2;0.23711
-20;10000;desc;78;1336.4;0.23266
-20;10000;desc;79;1275.7;0.22781
-20;10000;desc;80;1214.9;0.22272
-20;10000;desc;81;1154.2;0.21803
-20;10000;desc;82;1093.5;0.21330
-20;10000;desc;83;1032.7;0.20803
-20;10000;desc;84;972.0;0.20282
-20;10000;desc;85;911.2;0.19742
-20;10000;desc;86;850.5;0.19238
-20;10000;desc;87;789.7;0.18683
-20;10000;desc;88;729.0;0.18136
-20;10000;desc;89;668.2;0.17628
-20;10000;desc;90;607.5;0.17024
-20;10000;desc;91;546.7;0.16493
-20;10000;desc;92;486.0;0.15881
-20;10000;desc;93;425.2;0.15308
-20;10000;desc;94;364.5;0.14698
-20;10000;desc;95;303.7;0.14076
-20;10000;desc;96;243.0;0.13527
-20;10000;desc;97;182.2;0.12908
-20;10000;desc;98;121.5;0.12260
-20;10000;desc;99;60.7;0.11805
-20;10000;desc;100;0.0;0.11205
-20;10000;desc;101;-60.7;0.10090
-20;10000;desc;102;-121.5;0.09454
-20;10000;desc;103;-182.2;0.08791
-20;10000;desc;104;-243.0;0.07870
-20;10000;desc;105;-303.7;0.06952
-20;10000;desc;106;-364.5;0.06070
-20;10000;desc;107;-425.2;0.05222
-20;10000;desc;108;-486.0;0.04229
-20;10000;desc;109;-546.7;0.03160
-20;10000;desc;110;-607.5;0.02091
-20;10000;desc;111;-668.2;0.00989
-20;10000;desc;112;-729.0;-0.00209
-20;10000;desc;113;-789.7;-0.01646
-20;10000;desc;114;-850.5;-0.02844
-20;10000;desc;115;-911.2;-0.04192
-20;10000;desc;116;-972.0;-0.05460
-20;10000;desc;117;-1032.7;-0.06586
-20;10000;desc;118;-1093.5;-0.07783
-20;10000;desc;119;-1154.2;-0.08929
-20;10000;desc;120;-1214.9;-0.09997
-20;10000;desc;121;-1275.7;-0.11154
-20;10000;desc;122;-1336.4;-0.12178
-20;10000;desc;123;-1397.2;-0.13120
-20;10000;desc;124;-1457.9;-0.13946
-20;10000;desc;125;-1518.7;-0.15035
-20;10000;desc;126;-1579.4;-0.15819
-20;10000;desc;127;-1640.2;-0.16606
-20;10000;desc;128;-1700.9;-0.17376
-20;10000;desc;129;-1761.7;-0.18249
-20;10000;desc;130;-1822.4;-0.18954
-20;10000;desc;131;-1883.2;-0.19711
-20;10000;desc;132;-1943.9;-0.20482
-20;10000;desc;133;-2004.7;-0.21099
-20;10000;desc;134;-2065.4;-0.21745
-20;10000;desc;135;-2126.2;-0.22475
-20;10000;desc;136;-2186.9;-0.23204
-20;10000;desc;137;-2247.7;-0.23826
-20;10000;desc;138;-2308.4;-0.24374
-20;10000;desc;139;-2369.1;-0.24931
-20;10000;desc;140;-2429.9;-0.25610
-20;10000;desc;141;-2490.6;-0.26289
-20;10000;desc;142;-2551.4;-0.26885
-20;10000;desc;143;-2612.1;-0.27431
-20;10000;desc;144;-2672.9;-0.27946
-20;10000;desc;145;-2733.6;-0.28460
-20;10000;desc;146;-2794.4;-0.29045
-20;10000;desc;147;-2855.1;-0.29593
-20;10000;desc;148;-2915.9;-0.30054
-20;10000;desc;149;-2976.6;-0.30552
-20;10000;desc;150;-3037.4;-0.31079
-20;10000;desc;151;-3098.1;-0.31580
-20;10000;desc;152;-3158.9;-0.32057
-20;10000;desc;153;-3219.6;-0.32590
-20;10000;desc;154;-3280.4;-0.33162
-20;10000;desc;155;-3341.1;-0.33649
-20;10000;desc;156;-3401.9;-0.34099
-20;10000;desc;157;-3462.6;-0.34548
-20;10000;desc;158;-3523.3;-0.34985
-20;10000;desc;159;-3584.1;-0.35465
-20;10000;desc;160;-3644.8;-0.35904
-20;10000;desc;161;-3705.6;-0.36302
-20;10000;desc;162;-3766.3;-0.36840
-20;10000;desc;163;-3827.1;-0.37245
-20;10000;desc;164;-3887.8;-0.37637
-20;10000;desc;165;-3948.6;-0.38102
-20;10000;desc;166;-4009.3;-0.38411
-20;10000;desc;167;-4070.1;-0.38831
-20;10000;desc;168;-4130.8;-0.39305
-20;10000;desc;169;-4191.6;-0.39817
-20;10000;desc;170;-4252.3;-0.40222
-20;10000;desc;171;-4313.1;-0.40611
-20;10000;desc;172;-4373.8;-0.41072
-20;10000;desc;173;-4434.6;-0.41441
-20;10000;desc;174;-4495.3;-0.41725
-20;10000;desc;175;-4556.1;-0.42141
-20;10000;desc;176;-4616.8;-0.42579
-20;10000;desc;177;-4677.5;-0.42990
-20;10000;desc;178;-4738.3;-0.43407
-20;10000;desc;179;-4799.0;-0.43767
-20;10000;desc;180;-4859.8;-0.44108
-20;10000;desc;181;-4920.5;-0.44554
-20;10000;desc;182;-4981.3;-0.44931
-20;10000;desc;183;-5042.0;-0.45279
-20;10000;desc;184;-5102.8;-0.45624
-20;10000;desc;185;-5163.5;-0.45980
-20;10000;desc;186;-5224.3;-0.46377
-20;10000;desc;187;-5285.0;-0.46812
-20;10000;desc;188;-5345.8;-0.47185
-20;10000;desc;189;-5406.5;-0.47472
-20;10000;desc;190;-5467.3;-0.47794
-20;10000;desc;191;-5528.0;-0.48106
-20;10000;desc;192;-5588.8;-0.48566
-20;10000;desc;193;-5649.5;-0.49015
-20;10000;desc;194;-5710.3;-0.49409
-20;10000;desc;195;-5771.0;-0.49733
-20;10000;desc;196;-5831.7;-0.50056
-20;10000;desc;197;-5892.5;-0.50432
-20;10000;desc;198;-5953.2;-0.50778
-20;10000;desc;199;-6014.0;-0.51091
-20;10000;desc;200;-6074.7;-0.51422
-20;10000;asc;0;-6074.7;-0.51426
-20;10000;asc;1;-6014.0;-0.51163
-20;10000;asc;2;-5953.2;-0.50872
-20;10000;asc;3;-5892.5;-0.50571
-20;10000;asc;4;-5831.7;-0.50255
-20;10000;asc;5;-5771.0;-0.50020
-20;10000;asc;6;-5710.3;-0.49820
-20;10000;asc;7;-5649.5;-0.49556
-20;10000;asc;8;-5588.8;-0.49279
-20;10000;asc;9;-5528.0;-0.49137
-20;10000;asc;10;-5467.3;-0.48825
-20;10000;asc;11;-5406.5;-0.48469
-20;10000;asc;12;-5345.8;-0.48080
-20;10000;asc;13;-5285.0;-0.47778
-20;10000;asc;14;-5224.3;-0.47488
-20;10000;asc;15;-5163.5;-0.47142
-20;10000;asc;16;-5102.8;-0.46770
-20;10000;asc;17;-5042.0;-0.46417
-20;10000;asc;18;-4981.3;-0.46069
-20;10000;asc;19;-4920.5;-0.45796
-20;10000;asc;20;-4859.8;-0.45450
-20;10000;asc;21;-4799.0;-0.45063
-20;10000;asc;22;-4738.3;-0.44756
-20;10000;asc;23;-4677.5;-0.44417
-20;10000;asc;24;-4616.8;-0.44097
-20;10000;asc;25;-4556.1;-0.43767
-20;10000;asc;26;-4495.3;-0.43402
-20;10000;asc;27;-4434.6;-0.43042
-20;10000;asc;28;-4373.8;-0.42733
-20;10000;asc;29;-4313.1;-0.42457
-20;10000;asc;30;-4252.3;-0.42133
-20;10000;asc;31;-4191.6;-0.41835
-20;10000;asc;32;-4130.8;-0.41512
-20;10000;asc;33;-4070.1;-0.41140
-20;10000;asc;34;-4009.3;-0.40814
-20;10000;asc;35;-3948.6;-0.40470
-20;10000;asc;36;-3887.8;-0.40079
-20;10000;asc;37;-3827.1;-0.39711
-20;10000;asc;38;-3766.3;-0.39371
-20;10000;asc;39;-3705.6;-0.39033
-20;10000;asc;40;-3644.8;-0.38639
-20;10000;asc;41;-3584.1;-0.38218
-20;10000;asc;42;-3523.3;-0.37866
-20;10000;asc;43;-3462.6;-0.37402
-20;10000;asc;44;-3401.9;-0.37037
-20;10000;asc;45;-3341.1;-0.36665
-20;10000;asc;46;-3280.4;-0.36279
-20;10000;asc;47;-3219.6;-0.35916
-20;10000;asc;48;-3158.9;-0.35543
-20;10000;asc;49;-3098.1;-0.35165
-20;10000;asc;50;-3037.4;-0.34841
-20;10000;asc;51;-2976.6;-0.34513
-20;10000;asc;52;-2915.9;-0.34087
-20;10000;asc;53;-2855.1;-0.33690
-20;10000;asc;54;-2794.4;-0.33328
-20;10000;asc;55;-2733.6;-0.32891
-20;10000;asc;56;-2672.9;-0.32475
-20;10000;asc;57;-2612.1;-0.32083
-20;10000;asc;58;-2551.4;-0.31634
-20;10000;asc;59;-2490.6;-0.31139
-20;10000;asc;60;-2429.9;-0.30680
-20;10000;asc;61;-2369.1;-0.30300
-20;10000;asc;62;-2308.4;-0.29961
-20;10000;asc;63;-2247.7;-0.29540
-20;10000;asc;64;-2186.9;-0.28994
-20;10000;asc;65;-2126.2;-0.28537
-20;10000;asc;66;-2065.4;-0.28101
-20;10000;asc;67;-2004.7;-0.27705
-20;10000;asc;68;-1943.9;-0.27320
-20;10000;asc;69;-1883.2;-0.26817
-20;10000;asc;70;-1822.4;-0.26393
-20;10000;asc;71;-1761.7;-0.25972
-20;10000;asc;72;-1700.9;-0.25469
-20;10000;asc;73;-1640.2;-0.25008
-20;10000;asc;74;-1579.4;-0.24503
-20;10000;asc;75;-1518.7;-0.23949
-20;10000;asc;76;-1457.9;-0.23506
-20;10000;asc;77;-1397.2;-0.22976
-20;10000;asc;78;-1336.4;-0.22507
-20;10000;asc;79;-1275.7;-0.22085
-20;10000;asc;80;-1214.9;-0.21537
-20;10000;asc;81;-1154.2;-0.20990
-20;10000;asc;82;-1093.5;-0.20496
-20;10000;asc;83;-1032.7;-0.19977
-20;10000;asc;84;-972.0;-0.19409
-20;10000;asc;85;-911.2;-0.18899
-20;10000;asc;86;-850.5;-0.18340
-20;10000;asc;87;-789.7;-0.17763
-20;10000;asc;88;-729.0;-0.17226
-20;10000;asc;89;-668.2;-0.16720
-20;10000;asc;90;-607.5;-0.16179
-20;10000;asc;91;-546.7;-0.15491
-20;10000;asc;92;-486.0;-0.14745
-20;10000;asc;93;-425.2;-0.14152
-20;10000;asc;94;-364.5;-0.13558
-20;10000;asc;95;-303.7;-0.13000
-20;10000;asc;96;-243.0;-0.12324
-20;10000;asc;97;-182.2;-0.11721
-20;10000;asc;98;-121.5;-0.10964
-20;10000;asc;99;-60.7;-0.10226
-20;10000;asc;100;0.0;-0.09530
-20;10000;asc;101;60.7;-0.08807
-20;10000;asc;102;121.5;-0.08039
-20;10000;asc;103;182.2;-0.07338
-20;10000;asc;104;243.0;-0.06319
-20;10000;asc;105;303.7;-0.05381
-20;10000;asc;106;364.5;-0.04503
-20;10000;asc;107;425.2;-0.03566
-20;10000;asc;108;486.0;-0.02413
-20;10000;asc;109;546.7;-0.01326
-20;10000;asc;110;607.5;-0.00136
-20;10000;asc;111;668.2;0.01230
-20;10000;asc;112;729.0;0.02315
-20;10000;asc;113;789.7;0.03829
-20;10000;asc;114;850.5;0.05047
-20;10000;asc;115;911.2;0.06318
-20;10000;asc;116;972.0;0.07630
-20;10000;asc;117;1032.7;0.08751
-20;10000;asc;118;1093.5;0.09736
-20;10000;asc;119;1154.2;0.10832
-20;10000;asc;120;1214.9;0.11848
-20;10000;asc;121;1275.7;0.12746
-20;10000;asc;122;1336.4;0.13883
-20;10000;asc;123;1397.2;0.14749
-20;10000;asc;124;1457.9;0.15509
-20;10000;asc;125;1518.7;0.16462
-20;10000;asc;126;1579.4;0.17187
-20;10000;asc;127;1640.2;0.18137
-20;10000;asc;128;1700.9;0.18898
-20;10000;asc;129;1761.7;0.19660
-20;10000;asc;130;1822.4;0.20287
-20;10000;asc;131;1883.2;0.20969
-20;10000;asc;132;1943.9;0.21740
-20;10000;asc;133;2004.7;0.22500
-20;10000;asc;134;2065.4;0.23041
-20;10000;asc;135;2126.2;0.23666
-20;10000;asc;136;2186.9;0.24239
-20;10000;asc;137;2247.7;0.24773
-20;10000;asc;138;2308.4;0.25365
-20;10000;asc;139;2369.1;0.26002
-20;10000;asc;140;2429.9;0.26503
-20;10000;asc;141;2490.6;0.27138
-20;10000;asc;142;2551.4;0.27694
-20;10000;asc;143;2612.1;0.28270
-20;10000;asc;144;2672.9;0.28836
-20;10000;asc;145;2733.6;0.29398
-20;10000;asc;146;2794.4;0.29980
-20;10000;asc;147;2855.1;0.30439
-20;10000;asc;148;2915.9;0.30869
-20;10000;asc;149;2976.6;0.31293
-20;10000;asc;150;3037.4;0.31805
-20;10000;asc;151;3098.1;0.32301
-20;10000;asc;152;3158.9;0.32853
-20;10000;asc;153;3219.6;0.33282
-20;10000;asc;154;3280.4;0.33702
-20;10000;asc;155;3341.1;0.34079
-20;10000;asc;156;3401.9;0.34611
-20;10000;asc;157;3462.6;0.35054
-20;10000;asc;158;3523.3;0.35505
-20;10000;asc;159;3584.1;0.35920
-20;10000;asc;160;3644.8;0.36396
-20;10000;asc;161;3705.6;0.36863
-20;10000;asc;162;3766.3;0.37364
-20;10000;asc;163;3827.1;0.37763
-20;10000;asc;164;3887.8;0.38086
-20;10000;asc;165;3948.6;0.38485
-20;10000;asc;166;4009.3;0.38875
-20;10000;asc;167;4070.1;0.39227
-20;10000;asc;168;4130.8;0.39721
-20;10000;asc;169;4191.6;0.40249
-20;10000;asc;170;4252.3;0.40569
-20;10000;asc;171;4313.1;0.40962
-20;10000;asc;172;4373.8;0.41321
-20;10000;asc;173;4434.6;0.41706
-20;10000;asc;174;4495.3;0.42101
-20;10000;asc;175;4556.1;0.42528
-20;10000;asc;176;4616.8;0.42922
-20;10000;asc;177;4677.5;0.43286
-20;10000;asc;178;4738.3;0.43657
-20;10000;asc;179;4799.0;0.44041
-20;10000;asc;180;4859.8;0.44433
-20;10000;asc;181;4920.5;0.44786
-20;10000;asc;182;4981.3;0.45184
-20;10000;asc;183;5042.0;0.45483
-20;10000;asc;184;5102.8;0.45847
-20;10000;asc;185;5163.5;0.46204
-20;10000;asc;186;5224.3;0.46576
-20;10000;asc;187;5285.0;0.46931
-20;10000;asc;188;5345.8;0.47273
-20;10000;asc;189;5406.5;0.47611
-20;10000;asc;190;5467.3;0.47988
-20;10000;asc;191;5528.0;0.48446
-20;10000;asc;192;5588.8;0.48829
-20;10000;asc;193;5649.5;0.49222
-20;10000;asc;194;5710.3;0.49667
-20;10000;asc;195;5771.0;0.50039
-20;10000;asc;196;5831.7;0.50360
-20;10000;asc;197;5892.5;0.50675
-20;10000;asc;198;5953.2;0.50982
-20;10000;asc;199;6014.0;0.51287
-20;10000;asc;200;6074.7;0.51584
-30;10000;desc;0;6082.2;0.66490
-30;10000;desc;1;6021.4;0.66155
-30;10000;desc;2;5960.6;0.65742
-30;10000;desc;3;5899.8;0.65387
-30;10000;desc;4;5838.9;0.65007
-30;10000;desc;5;5778.1;0.64646
-30;10000;desc;6;5717.3;0.64336
-30;10000;desc;7;5656.5;0.64023
-30;10000;desc;8;5595.7;0.63680
-30;10000;desc;9;5534.8;0.63640
-30;10000;desc;10;5474.0;0.63494
-30;10000;desc;11;5413.2;0.62819
-30;10000;desc;12;5352.4;0.62203
-30;10000;desc;13;5291.5;0.61729
-30;10000;desc;14;5230.7;0.61265
-30;10000;desc;15;5169.9;0.60859
-30;10000;desc;16;5109.1;0.60534
-30;10000;desc;17;5048.3;0.60219
-30;10000;desc;18;4987.4;0.59845
-30;10000;desc;19;4926.6;0.59382
-30;10000;desc;20;4865.8;0.58908
-30;10000;desc;21;4805.0;0.58493
-30;10000;desc;22;4744.1;0.58175
-30;10000;desc;23;4683.3;0.57833
-30;10000;desc;24;4622.5;0.57397
-30;10000;desc;25;4561.7;0.56913
-30;10000;desc;26;4500.9;0.56471
-30;10000;desc;27;4440.0;0.56109
-30;10000;desc;28;4379.2;0.55758
-30;10000;desc;29;4318.4;0.55252
-30;10000;desc;30;4257.6;0.54773
-30;10000;desc;31;4196.7;0.54379
-30;10000;desc;32;4135.9;0.53959
-30;10000;desc;33;4075.1;0.53509
-30;10000;desc;34;4014.3;0.53098
-30;10000;desc;35;3953.5;0.52735
-30;10000;desc;36;3892.6;0.52364
-30;10000;desc;37;3831.8;0.51943
-30;10000;desc;38;3771.0;0.51495
-30;10000;desc;39;3710.2;0.51024
-30;10000;desc;40;3649.3;0.50550
-30;10000;desc;41;3588.5;0.50094
-30;10000;desc;42;3527.7;0.49635
-30;10000;desc;43;3466.9;0.49132
-30;10000;desc;44;3406.1;0.48633
-30;10000;desc;45;3345.2;0.48247
-30;10000;desc;46;3284.4;0.47904
-30;10000;desc;47;3223.6;0.47341
-30;10000;desc;48;3162.8;0.46825
-30;10000;desc;49;3101.9;0.46392
-30;10000;desc;50;3041.1;0.45806
-30;10000;desc;51;2980.3;0.45212
-30;10000;desc;52;2919.5;0.44703
-30;10000;desc;53;2858.6;0.44266
-30;10000;desc;54;2797.8;0.43797
-30;10000;desc;55;2737.0;0.43226
-30;10000;desc;56;2676.2;0.42633
-30;10000;desc;57;2615.4;0.42126
-30;10000;desc;58;2554.5;0.41708
-30;10000;desc;59;2493.7;0.41268
-30;10000;desc;60;2432.9;0.40667
-30;10000;desc;61;2372.1;0.40113
-30;10000;desc;62;2311.2;0.39620
-30;10000;desc;63;2250.4;0.39275
-30;10000;desc;64;2189.6;0.38717
-30;10000;desc;65;2128.8;0.37983
-30;10000;desc;66;2068.0;0.37374
-30;10000;desc;67;2007.1;0.36837
-30;10000;desc;68;1946.3;0.36225
-30;10000;desc;69;1885.5;0.35554
-30;10000;desc;70;1824.7;0.35024
-30;10000;desc;71;1763.8;0.34567
-30;10000;desc;72;1703.0;0.33973
-30;10000;desc;73;1642.2;0.33409
-30;10000;desc;74;1581.4;0.32842
-30;10000;desc;75;1520.6;0.32199
-30;10000;desc;76;1459.7;0.31556
-30;10000;desc;77;1398.9;0.30966
-30;10000;desc;78;1338.1;0.30259
-30;10000;desc;79;1277.3;0.29621
-30;10000;desc;80;1216.4;0.28947
-30;10000;desc;81;1155.6;0.28352
-30;10000;desc;82;1094.8;0.27726
-30;10000;desc;83;1034.0;0.27100
-30;10000;desc;84;973.2;0.26524
-30;10000;desc;85;912.3;0.25743
-30;10000;desc;86;851.5;0.24951
-30;10000;desc;87;790.7;0.24229
-30;10000;desc;88;729.9;0.23657
-30;10000;desc;89;669.0;0.23003
-30;10000;desc;90;608.2;0.22199
-30;10000;desc;91;547.4;0.21345
-30;10000;desc;92;486.6;0.20508
-30;10000;desc;93;425.8;0.19821
-30;10000;desc;94;364.9;0.19112
-30;10000;desc;95;304.1;0.18121
-30;10000;desc;96;243.3;0.17239
-30;10000;desc;97;182.5;0.16383
-30;10000;desc;98;121.6;0.15450
-30;10000;desc;99;60.8;0.14721
-30;10000;desc;100;0.0;0.14007
-30;10000;desc;101;-60.8;0.12882
-30;10000;desc;102;-121.6;0.11892
-30;10000;desc;103;-182.5;0.10844
-30;10000;desc;104;-243.3;0.09713
-30;10000;desc;105;-304.1;0.08443
-30;10000;desc;106;-364.9;0.07260
-30;10000;desc;107;-425.8;0.05879
-30;10000;desc;108;-486.6;0.04386
-30;10000;desc;109;-547.4;0.02943
-30;10000;desc;110;-608.2;0.01488
-30;10000;desc;111;-669.0;-0.00388
-30;10000;desc;112;-729.9;-0.02108
-30;10000;desc;113;-790.7;-0.03951
-30;10000;desc;114;-851.5;-0.05651
-30;10000;desc;115;-912.3;-0.07269
-30;10000;desc;116;-973.2;-0.09065
-30;10000;desc;117;-1034.0;-0.10769
-30;10000;desc;118;-1094.8;-0.12189
-30;10000;desc;119;-1155.6;-0.13647
-30;10000;desc;120;-1216.4;-0.14845
-30;10000;desc;121;-1277.3;-0.16142
-30;10000;desc;122;-1338.1;-0.17551
-30;10000;desc;123;-1398.9;-0.18857
-30;10000;desc;124;-1459.7;-0.19984
-30;10000;desc;125;-1520.6;-0.21176
-30;10000;desc;126;-1581.4;-0.22248
-30;10000;desc;127;-1642.2;-0.23384
-30;10000;desc;128;-1703.0;-0.24378
-30;10000;desc;129;-1763.8;-0.25269
-30;10000;desc;130;-1824.7;-0.26130
-30;10000;desc;131;-1885.5;-0.27004
-30;10000;desc;132;-1946.3;-0.27839
-30;10000;desc;133;-2007.1;-0.28542
-30;10000;desc;134;-2068.0;-0.29489
-30;10000;desc;135;-2128.8;-0.30488
-30;10000;desc;136;-2189.6;-0.31252
-30;10000;desc;137;-2250.4;-0.32070
-30;10000;desc;138;-2311.2;-0.32810
-30;10000;desc;139;-2372.1;-0.33557
-30;10000;desc;140;-2432.9;-0.34315
-30;10000;desc;141;-2493.7;-0.35016
-30;10000;desc;142;-2554.5;-0.35776
-30;10000;desc;143;-2615.4;-0.36527
-30;10000;desc;144;-2676.2;-0.37230
-30;10000;desc;145;-2737.0;-0.37922
-30;10000;desc;146;-2797.8;-0.38703
-30;10000;desc;147;-2858.6;-0.39421
-30;10000;desc;148;-2919.5;-0.39917
-30;10000;desc;149;-2980.3;-0.40453
-30;10000;desc;150;-3041.1;-0.41165
-30;10000;desc;151;-3101.9;-0.41789
-30;10000;desc;152;-3162.8;-0.42408
-30;10000;desc;153;-3223.6;-0.43020
-30;10000;desc;154;-3284.4;-0.43651
-30;10000;desc;155;-3345.2;-0.44192
-30;10000;desc;156;-3406.1;-0.44671
-30;10000;desc;157;-3466.9;-0.45288
-30;10000;desc;158;-3527.7;-0.45879
-30;10000;desc;159;-3588.5;-0.46529
-30;10000;desc;160;-3649.3;-0.47102
-30;10000;desc;161;-3710.2;-0.47652
-30;10000;desc;162;-3771.0;-0.48222
-30;10000;desc;163;-3831.8;-0.48791
-30;10000;desc;164;-3892.6;-0.49312
-30;10000;desc;165;-3953.5;-0.49750
-30;10000;desc;166;-4014.3;-0.50165
-30;10000;desc;167;-4075.1;-0.50642
-30;10000;desc;168;-4135.9;-0.51341
-30;10000;desc;169;-4196.7;-0.51959
-30;10000;desc;170;-4257.6;-0.52359
-30;10000;desc;171;-4318.4;-0.52840
-30;10000;desc;172;-4379.2;-0.53314
-30;10000;desc;173;-4440.0;-0.53775
-30;10000;desc;174;-4500.9;-0.54273
-30;10000;desc;175;-4561.7;-0.54793
-30;10000;desc;176;-4622.5;-0.55306
-30;10000;desc;177;-4683.3;-0.55785
-30;10000;desc;178;-4744.1;-0.56155
-30;10000;desc;179;-4805.0;-0.56378
-30;10000;desc;180;-4865.8;-0.56895
-30;10000;desc;181;-4926.6;-0.57568
-30;10000;desc;182;-4987.4;-0.58086
-30;10000;desc;183;-5048.3;-0.58626
-30;10000;desc;184;-5109.1;-0.59105
-30;10000;desc;185;-5169.9;-0.59584
-30;10000;desc;186;-5230.7;-0.60012
-30;10000;desc;187;-5291.5;-0.60411
-30;10000;desc;188;-5352.4;-0.60828
-30;10000;desc;189;-5413.2;-0.61228
-30;10000;desc;190;-5474.0;-0.61699
-30;10000;desc;191;-5534.8;-0.62237
-30;10000;desc;192;-5595.7;-0.62669
-30;10000;desc;193;-5656.5;-0.63083
-30;10000;desc;194;-5717.3;-0.63490
-30;10000;desc;195;-5778.1;-0.63933
-30;10000;desc;196;-5838.9;-0.64378
-30;10000;desc;197;-5899.8;-0.64788
-30;10000;desc;198;-5960.6;-0.65188
-30;10000;desc;199;-6021.4;-0.65572
-30;10000;desc;200;-6082.2;-0.66035
-30;10000;asc;0;-6082.2;-0.66035
-30;10000;asc;1;-6021.4;-0.65680
-30;10000;asc;2;-5960.6;-0.65294
-30;10000;asc;3;-5899.8;-0.64907
-30;10000;asc;4;-5838.9;-0.64521
-30;10000;asc;5;-5778.1;-0.64149
-30;10000;asc;6;-5717.3;-0.63809
-30;10000;asc;7;-5656.5;-0.63502
-30;10000;asc;8;-5595.7;-0.63233
-30;10000;asc;9;-5534.8;-0.62965
-30;10000;asc;10;-5474.0;-0.62443
-30;10000;asc;11;-5413.2;-0.62121
-30;10000;asc;12;-5352.4;-0.61845
-30;10000;asc;13;-5291.5;-0.61447
-30;10000;asc;14;-5230.7;-0.60979
-30;10000;asc;15;-5169.9;-0.60608
-30;10000;asc;16;-5109.1;-0.60224
-30;10000;asc;17;-5048.3;-0.59801
-30;10000;asc;18;-4987.4;-0.59362
-30;10000;asc;19;-4926.6;-0.59003
-30;10000;asc;20;-4865.8;-0.58604
-30;10000;asc;21;-4805.0;-0.58207
-30;10000;asc;22;-4744.1;-0.57821
-30;10000;asc;23;-4683.3;-0.57433
-30;10000;asc;24;-4622.5;-0.57045
-30;10000;asc;25;-4561.7;-0.56567
-30;10000;asc;26;-4500.9;-0.55988
-30;10000;asc;27;-4440.0;-0.55515
-30;10000;asc;28;-4379.2;-0.55130
-30;10000;asc;29;-4318.4;-0.54915
-30;10000;asc;30;-4257.6;-0.54585
-30;10000;asc;31;-4196.7;-0.53984
-30;10000;asc;32;-4135.9;-0.53433
-30;10000;asc;33;-4075.1;-0.53089
-30;10000;asc;34;-4014.3;-0.52727
-30;10000;asc;35;-3953.5;-0.52244
-30;10000;asc;36;-3892.6;-0.51727
-30;10000;asc;37;-3831.8;-0.51343
-30;10000;asc;38;-3771.0;-0.50956
-30;10000;asc;39;-3710.2;-0.50487
-30;10000;asc;40;-3649.3;-0.50022
-30;10000;asc;41;-3588.5;-0.49529
-30;10000;asc;42;-3527.7;-0.49014
-30;10000;asc;43;-3466.9;-0.48496
-30;10000;asc;44;-3406.1;-0.47992
-30;10000;asc;45;-3345.2;-0.47563
-30;10000;asc;46;-3284.4;-0.47181
-30;10000;asc;47;-3223.6;-0.46682
-30;10000;asc;48;-3162.8;-0.46099
-30;10000;asc;49;-3101.9;-0.45537
-30;10000;asc;50;-3041.1;-0.45055
-30;10000;asc;51;-2980.3;-0.44554
-30;10000;asc;52;-2919.5;-0.44013
-30;10000;asc;53;-2858.6;-0.43572
-30;10000;asc;54;-2797.8;-0.43134
-30;10000;asc;55;-2737.0;-0.42610
-30;10000;asc;56;-2676.2;-0.42075
-30;10000;asc;57;-2615.4;-0.41572
-30;10000;asc;58;-2554.5;-0.41052
-30;10000;asc;59;-2493.7;-0.40478
-30;10000;asc;60;-2432.9;-0.39905
-30;10000;asc;61;-2372.1;-0.39418
-30;10000;asc;62;-2311.2;-0.38844
-30;10000;asc;63;-2250.4;-0.38334
-30;10000;asc;64;-2189.6;-0.37813
-30;10000;asc;65;-2128.8;-0.37239
-30;10000;asc;66;-2068.0;-0.36590
-30;10000;asc;67;-2007.1;-0.35967
-30;10000;asc;68;-1946.3;-0.35364
-30;10000;asc;69;-1885.5;-0.34754
-30;10000;asc;70;-1824.7;-0.34177
-30;10000;asc;71;-1763.8;-0.33580
-30;10000;asc;72;-1703.0;-0.32944
-30;10000;asc;73;-1642.2;-0.32368
-30;10000;asc;74;-1581.4;-0.31800
-30;10000;asc;75;-1520.6;-0.31159
-30;10000;asc;76;-1459.7;-0.30502
-30;10000;asc;77;-1398.9;-0.29814
-30;10000;asc;78;-1338.1;-0.29086
-30;10000;asc;79;-1277.3;-0.28515
-30;10000;asc;80;-1216.4;-0.27883
-30;10000;asc;81;-1155.6;-0.27170
-30;10000;asc;82;-1094.8;-0.26484
-30;10000;asc;83;-1034.0;-0.25930
-30;10000;asc;84;-973.2;-0.25269
-30;10000;asc;85;-912.3;-0.24563
-30;10000;asc;86;-851.5;-0.23758
-30;10000;asc;87;-790.7;-0.23025
-30;10000;asc;88;-729.9;-0.22318
-30;10000;asc;89;-669.0;-0.21448
-30;10000;asc;90;-608.2;-0.20827
-30;10000;asc;91;-547.4;-0.19983
-30;10000;asc;92;-486.6;-0.19175
-30;10000;asc;93;-425.8;-0.18406
-30;10000;asc;94;-364.9;-0.17543
-30;10000;asc;95;-304.1;-0.16784
-30;10000;asc;96;-243.3;-0.15909
-30;10000;asc;97;-182.5;-0.14925
-30;10000;asc;98;-121.6;-0.13981
-30;10000;asc;99;-60.8;-0.12954
-30;10000;asc;100;0.0;-0.11934
-30;10000;asc;101;60.8;-0.10963
-30;10000;asc;102;121.6;-0.09960
-30;10000;asc;103;182.5;-0.08871
-30;10000;asc;104;243.3;-0.07689
-30;10000;asc;105;304.1;-0.06307
-30;10000;asc;106;364.9;-0.04968
-30;10000;asc;107;425.8;-0.03498
-30;10000;asc;108;486.6;-0.01835
-30;10000;asc;109;547.4;-0.00138
-30;10000;asc;110;608.2;0.01526
-30;10000;asc;111;669.0;0.03200
-30;10000;asc;112;729.9;0.05137
-30;10000;asc;113;790.7;0.07044
-30;10000;asc;114;851.5;0.08655
-30;10000;asc;115;912.3;0.10385
-30;10000;asc;116;973.2;0.11934
-30;10000;asc;117;1034.0;0.13272
-30;10000;asc;118;1094.8;0.14774
-30;10000;asc;119;1155.6;0.16121
-30;10000;asc;120;1216.4;0.17428
-30;10000;asc;121;1277.3;0.18593
-30;10000;asc;122;1338.1;0.19803
-30;10000;asc;123;1398.9;0.20955
-30;10000;asc;124;1459.7;0.22041
-30;10000;asc;125;1520.6;0.23120
-30;10000;asc;126;1581.4;0.24085
-30;10000;asc;127;1642.2;0.25047
-30;10000;asc;128;1703.0;0.26040
-30;10000;asc;129;1763.8;0.26845
-30;10000;asc;130;1824.7;0.27809
-30;10000;asc;131;1885.5;0.28676
-30;10000;asc;132;1946.3;0.29583
-30;10000;asc;133;2007.1;0.30441
-30;10000;asc;134;2068.0;0.31230
-30;10000;asc;135;2128.8;0.31948
-30;10000;asc;136;2189.6;0.32674
-30;10000;asc;137;2250.4;0.33503
-30;10000;asc;138;2311.2;0.34201
-30;10000;asc;139;2372.1;0.34892
-30;10000;asc;140;2432.9;0.35707
-30;10000;asc;141;2493.7;0.36461
-30;10000;asc;142;2554.5;0.37109
-30;10000;asc;143;2615.4;0.37698
-30;10000;asc;144;2676.2;0.38360
-30;10000;asc;145;2737.0;0.38964
-30;10000;asc;146;2797.8;0.39357
-30;10000;asc;147;2858.6;0.39863
-30;10000;asc;148;2919.5;0.40802
-30;10000;asc;149;2980.3;0.41428
-30;10000;asc;150;3041.1;0.42032
-30;10000;asc;151;3101.9;0.42728
-30;10000;asc;152;3162.8;0.43300
-30;10000;asc;153;3223.6;0.43844
-30;10000;asc;154;3284.4;0.44401
-30;10000;asc;155;3345.2;0.44929
-30;10000;asc;156;3406.1;0.45488
-30;10000;asc;157;3466.9;0.46075
-30;10000;asc;158;3527.7;0.46626
-30;10000;asc;159;3588.5;0.47120
-30;10000;asc;160;3649.3;0.47696
-30;10000;asc;161;3710.2;0.48255
-30;10000;asc;162;3771.0;0.48919
-30;10000;asc;163;3831.8;0.49509
-30;10000;asc;164;3892.6;0.49964
-30;10000;asc;165;3953.5;0.50388
-30;10000;asc;166;4014.3;0.50855
-30;10000;asc;167;4075.1;0.51341
-30;10000;asc;168;4135.9;0.51816
-30;10000;asc;169;4196.7;0.52418
-30;10000;asc;170;4257.6;0.52919
-30;10000;asc;171;4318.4;0.53430
-30;10000;asc;172;4379.2;0.53796
-30;10000;asc;173;4440.0;0.54238
-30;10000;asc;174;4500.9;0.54734
-30;10000;asc;175;4561.7;0.55185
-30;10000;asc;176;4622.5;0.55650
-30;10000;asc;177;4683.3;0.56178
-30;10000;asc;178;4744.1;0.56721
-30;10000;asc;179;4805.0;0.57225
-30;10000;asc;180;4865.8;0.57648
-30;10000;asc;181;4926.6;0.58062
-30;10000;asc;182;4987.4;0.58509
-30;10000;asc;183;5048.3;0.58955
-30;10000;asc;184;5109.1;0.59411
-30;10000;asc;185;5169.9;0.59839
-30;10000;asc;186;5230.7;0.60261
-30;10000;asc;187;5291.5;0.60710
-30;10000;asc;188;5352.4;0.61185
-30;10000;asc;189;5413.2;0.61621
-30;10000;asc;190;5474.0;0.61968
-30;10000;asc;191;5534.8;0.62389
-30;10000;asc;192;5595.7;0.62843
-30;10000;asc;193;5656.5;0.63429
-30;10000;asc;194;5717.3;0.63987
-30;10000;asc;195;5778.1;0.64424
-30;10000;asc;196;5838.9;0.64834
-30;10000;asc;197;5899.8;0.65229
-30;10000;asc;198;5960.6;0.65596
-30;10000;asc;199;6021.4;0.66020
-30;10000;asc;200;6082.2;0.66489
-30;90000;desc;0;54704.8;1.54502
-30;90000;desc;1;53982.0;1.54238
-30;90000;desc;2;53338.2;1.54069
-30;90000;desc;3;52694.0;1.53889
-30;90000;desc;4;52050.1;1.53699
-30;90000;desc;5;51406.6;1.53555
-30;90000;desc;6;50762.2;1.53459
-30;90000;desc;7;50118.6;1.53314
-30;90000;desc;8;49472.3;1.53452
-30;90000;desc;9;48827.5;1.53327
-30;90000;desc;10;48184.8;1.53021
-30;90000;desc;11;47541.7;1.52728
-30;90000;desc;12;46897.2;1.52555
-30;90000;desc;13;46254.4;1.52251
-30;90000;desc;14;45609.3;1.52130
-30;90000;desc;15;44967.2;1.51779
-30;90000;desc;16;44322.0;1.51674
-30;90000;desc;17;43679.7;1.51334
-30;90000;desc;18;43035.3;1.51141
-30;90000;desc;19;42393.6;1.50770
-30;90000;desc;20;41751.0;1.50443
-30;90000;desc;21;41106.4;1.50275
-30;90000;desc;22;40464.1;1.49933
-30;90000;desc;23;39819.7;1.49740
-30;90000;desc;24;39178.3;1.49353
-30;90000;desc;25;38536.4;1.48992
-30;90000;desc;26;37894.5;1.48619
-30;90000;desc;27;37251.2;1.48344
-30;90000;desc;28;36611.6;1.47872
-30;90000;desc;29;35971.4;1.47413
-30;90000;desc;30;35329.9;1.47021
-30;90000;desc;31;34690.2;1.46539
-30;90000;desc;32;34050.8;1.46046
-30;90000;desc;33;33415.2;1.45406
-30;90000;desc;34;32775.3;1.44932
-30;90000;desc;35;32133.9;1.44536
-30;90000;desc;36;31495.2;1.44019
-30;90000;desc;37;30854.8;1.43575
-30;90000;desc;38;30228.9;1.42689
-30;90000;desc;39;29602.3;1.41789
-30;90000;desc;40;28972.3;1.40974
-30;90000;desc;41;28336.4;1.40354
-30;90000;desc;42;27706.6;1.39531
-30;90000;desc;43;27075.4;1.38751
-30;90000;desc;44;26441.4;1.38054
-30;90000;desc;45;25821.9;1.36978
-30;90000;desc;46;25190.8;1.36192
-30;90000;desc;47;24569.0;1.35173
-30;90000;desc;48;23955.3;1.33982
-30;90000;desc;49;23325.3;1.33169
-30;90000;desc;50;22706.8;1.32069
-30;90000;desc;51;22100.9;1.30724
-30;90000;desc;52;21493.8;1.29402
-30;90000;desc;53;20888.3;1.28057
-30;90000;desc;54;20282.7;1.26707
-30;90000;desc;55;19677.6;1.25349
-30;90000;desc;56;19088.9;1.23731
-30;90000;desc;57;18491.0;1.22251
-30;90000;desc;58;17898.3;1.20699
-30;90000;desc;59;17315.0;1.19002
-30;90000;desc;60;16723.3;1.17428
-30;90000;desc;61;16152.5;1.15572
-30;90000;desc;62;15584.9;1.13680
-30;90000;desc;63;15015.8;1.11808
-30;90000;desc;64;14455.0;1.09832
-30;90000;desc;65;13882.1;1.08000
-30;90000;desc;66;13322.3;1.06010
-30;90000;desc;67;12785.8;1.03784
-30;90000;desc;68;12232.8;1.01716
-30;90000;desc;69;11685.5;0.99590
-30;90000;desc;70;11167.7;0.97180
-30;90000;desc;71;10634.8;0.94912
-30;90000;desc;72;10127.5;0.92412
-30;90000;desc;73;9599.7;0.90100
-30;90000;desc;74;9094.8;0.87590
-30;90000;desc;75;8618.9;0.84890
-30;90000;desc;76;8114.2;0.82402
-30;90000;desc;77;7608.6;0.79895
-30;90000;desc;78;7140.0;0.77101
-30;90000;desc;79;6681.9;0.74243
-30;90000;desc;80;6209.2;0.71540
-30;90000;desc;81;5778.4;0.68525
-30;90000;desc;82;5321.2;0.65654
-30;90000;desc;83;4867.4;0.62781
-30;90000;desc;84;4465.6;0.59586
-30;90000;desc;85;4014.2;0.56673
-30;90000;desc;86;3620.9;0.53430
-30;90000;desc;87;3210.5;0.50276
-30;90000;desc;88;2815.1;0.47042
-30;90000;desc;89;2434.8;0.43732
-30;90000;desc;90;2054.5;0.40426
-30;90000;desc;91;1694.9;0.37022
-30;90000;desc;92;1374.5;0.33449
-30;90000;desc;93;1032.4;0.29962
-30;90000;desc;94;707.0;0.26418
-30;90000;desc;95;428.8;0.22693
-30;90000;desc;96;157.2;0.18946
-30;90000;desc;97;-95.5;0.15139
-30;90000;desc;98;-312.7;0.11240
-30;90000;desc;99;-500.3;0.07272
-30;90000;desc;100;-685.3;0.03296
-30;90000;desc;101;-858.1;-0.00668
-30;90000;desc;102;-982.8;-0.04746
-30;90000;desc;103;-1105.5;-0.08825
-30;90000;desc;104;-1296.8;-0.12790
-30;90000;desc;105;-1468.4;-0.16792
-30;90000;desc;106;-1673.1;-0.20725
-30;90000;desc;107;-1903.2;-0.24596
-30;90000;desc;108;-2155.7;-0.28387
-30;90000;desc;109;-2460.1;-0.32014
-30;90000;desc;110;-2745.2;-0.35709
-30;90000;desc;111;-3062.2;-0.39293
-30;90000;desc;112;-3401.3;-0.42789
-30;90000;desc;113;-3739.9;-0.46278
-30;90000;desc;114;-4121.4;-0.49567
-30;90000;desc;115;-4507.2;-0.52829
-30;90000;desc;116;-4914.6;-0.55984
-30;90000;desc;117;-5260.9;-0.59452
-30;90000;desc;118;-5725.6;-0.62257
-30;90000;desc;119;-6170.2;-0.65215
-30;90000;desc;120;-6599.5;-0.68252
-30;90000;desc;121;-7040.5;-0.71221
-30;90000;desc;122;-7500.3;-0.74062
-30;90000;desc;123;-7982.7;-0.76751
-30;90000;desc;124;-8442.9;-0.79604
-30;90000;desc;125;-8932.3;-0.82249
-30;90000;desc;126;-9427.4;-0.84851
-30;90000;desc;127;-9929.2;-0.87397
-30;90000;desc;128;-10433.7;-0.89911
-30;90000;desc;129;-10960.2;-0.92243
-30;90000;desc;130;-11482.2;-0.94599
-30;90000;desc;131;-12015.7;-0.96859
-30;90000;desc;132;-12539.6;-0.99165
-30;90000;desc;133;-13068.9;-1.01466
-30;90000;desc;134;-13604.4;-1.03709
-30;90000;desc;135;-14171.5;-1.05602
-30;90000;desc;136;-14731.3;-1.07586
-30;90000;desc;137;-15287.3;-1.09594
-30;90000;desc;138;-15845.6;-1.11583
-30;90000;desc;139;-16420.1;-1.13377
-30;90000;desc;140;-16987.7;-1.15272
-30;90000;desc;141;-17581.3;-1.16815
-30;90000;desc;142;-18163.9;-1.18521
-30;90000;desc;143;-18757.4;-1.20066
-30;90000;desc;144;-19338.3;-1.21787
-30;90000;desc;145;-19931.7;-1.23330
-30;90000;desc;146;-20528.9;-1.24799
-30;90000;desc;147;-21141.8;-1.26016
-30;90000;desc;148;-21743.7;-1.27428
-30;90000;desc;149;-22352.8;-1.28714
-30;90000;desc;150;-22965.6;-1.29925
-30;90000;desc;151;-23585.2;-1.30982
-30;90000;desc;152;-24199.0;-1.32172
-30;90000;desc;153;-24822.0;-1.33169
-30;90000;desc;154;-25442.4;-1.34230
-30;90000;desc;155;-26068.5;-1.35154
-30;90000;desc;156;-26698.4;-1.35971
-30;90000;desc;157;-27318.9;-1.37016
-30;90000;desc;158;-27948.0;-1.37852
-30;90000;desc;159;-28580.3;-1.38604
-30;90000;desc;160;-29214.8;-1.39285
-30;90000;desc;161;-29842.5;-1.40169
-30;90000;desc;162;-30474.4;-1.40931
-30;90000;desc;163;-31114.8;-1.41368
-30;90000;desc;164;-31747.3;-1.42111
-30;90000;desc;165;-32385.8;-1.42643
-30;90000;desc;166;-33023.0;-1.43227
-30;90000;desc;167;-33661.1;-1.43777
-30;90000;desc;168;-34305.7;-1.43943
-30;90000;desc;169;-34942.5;-1.44518
-30;90000;desc;170;-35581.8;-1.44988
-30;90000;desc;171;-36223.6;-1.45360
-30;90000;desc;172;-36864.8;-1.45756
-30;90000;desc;173;-37502.2;-1.46330
-30;90000;desc;174;-38144.0;-1.46707
-30;90000;desc;175;-38784.0;-1.47171
-30;90000;desc;176;-39425.6;-1.47527
-30;90000;desc;177;-40069.8;-1.47717
-30;90000;desc;178;-40713.1;-1.47966
-30;90000;desc;179;-41355.9;-1.48251
-30;90000;desc;180;-41997.3;-1.48646
-30;90000;desc;181;-42640.2;-1.48927
-30;90000;desc;182;-43283.7;-1.49159
-30;90000;desc;183;-43927.0;-1.49416
-30;90000;desc;184;-44569.5;-1.49750
-30;90000;desc;185;-45215.0;-1.49836
-30;90000;desc;186;-45856.8;-1.50197
-30;90000;desc;187;-46501.7;-1.50340
-30;90000;desc;188;-47143.7;-1.50689
-30;90000;desc;189;-47789.7;-1.50679
-30;90000;desc;190;-48432.2;-1.50974
-30;90000;desc;191;-49076.4;-1.51175
-30;90000;desc;192;-49718.9;-1.51519
-30;90000;desc;193;-50364.7;-1.51588
-30;90000;desc;194;-51010.4;-1.51721
-30;90000;desc;195;-51653.0;-1.52095
-30;90000;desc;196;-52298.7;-1.52204
-30;90000;desc;197;-52941.3;-1.52494
-30;90000;desc;198;-53587.0;-1.52512
-30;90000;desc;199;-54233.2;-1.52564
-30;90000;desc;200;-54846.4;-1.53040
-30;90000;asc;0;-54846.4;-1.53040
-30;90000;asc;1;-54175.3;-1.52904
-30;90000;asc;2;-53532.7;-1.52765
-30;90000;asc;3;-52886.2;-1.52775
-30;90000;asc;4;-52242.4;-1.52582
-30;90000;asc;5;-51597.6;-1.52589
-30;90000;asc;6;-50954.1;-1.52475
-30;90000;asc;7;-50309.6;-1.52453
-30;90000;asc;8;-49663.0;-1.52595
-30;90000;asc;9;-49020.2;-1.52301
-30;90000;asc;10;-48374.8;-1.52208
-30;90000;asc;11;-47729.3;-1.52127
-30;90000;asc;12;-47087.9;-1.51717
-30;90000;asc;13;-46446.4;-1.51313
-30;90000;asc;14;-45802.9;-1.51033
-30;90000;asc;15;-45158.7;-1.50816
-30;90000;asc;16;-44513.8;-1.50679
-30;90000;asc;17;-43870.4;-1.50413
-30;90000;asc;18;-43225.7;-1.50240
-30;90000;asc;19;-42582.4;-1.49952
-30;90000;asc;20;-41940.0;-1.49612
-30;90000;asc;21;-41295.2;-1.49435
-30;90000;asc;22;-40653.0;-1.49075
-30;90000;asc;23;-40010.7;-1.48718
-30;90000;asc;24;-39365.8;-1.48572
-30;90000;asc;25;-38725.2;-1.48144
-30;90000;asc;26;-38085.1;-1.47672
-30;90000;asc;27;-37440.8;-1.47444
-30;90000;asc;28;-36800.2;-1.46987
-30;90000;asc;29;-36161.1;-1.46468
-30;90000;asc;30;-35522.6;-1.45938
-30;90000;asc;31;-34880.3;-1.45577
-30;90000;asc;32;-34238.6;-1.45192
-30;90000;asc;33;-33601.8;-1.44584
-30;90000;asc;34;-32960.2;-1.44188
-30;90000;asc;35;-32321.8;-1.43638
-30;90000;asc;36;-31688.2;-1.42919
-30;90000;asc;37;-31055.0;-1.42188
-30;90000;asc;38;-30415.5;-1.41695
-30;90000;asc;39;-29776.6;-1.41191
-30;90000;asc;40;-29146.4;-1.40369
-30;90000;asc;41;-28514.9;-1.39588
-30;90000;asc;42;-27887.1;-1.38705
-30;90000;asc;43;-27259.0;-1.37830
-30;90000;asc;44;-26631.6;-1.36932
-30;90000;asc;45;-26006.1;-1.35987
-30;90000;asc;46;-25381.9;-1.35006
-30;90000;asc;47;-24753.7;-1.34130
-30;90000;asc;48;-24135.9;-1.33012
-30;90000;asc;49;-23517.1;-1.31915
-30;90000;asc;50;-22914.1;-1.30521
-30;90000;asc;51;-22292.5;-1.29483
-30;90000;asc;52;-21684.7;-1.28164
-30;90000;asc;53;-21082.7;-1.26752
-30;90000;asc;54;-20471.2;-1.25503
-30;90000;asc;55;-19877.2;-1.23961
-30;90000;asc;56;-19286.9;-1.22364
-30;90000;asc;57;-18692.8;-1.20821
-30;90000;asc;58;-18101.6;-1.19245
-30;90000;asc;59;-17512.3;-1.17640
-30;90000;asc;60;-16911.4;-1.16210
-30;90000;asc;61;-16354.3;-1.14190
-30;90000;asc;62;-15786.6;-1.12289
-30;90000;asc;63;-15212.7;-1.10474
-30;90000;asc;64;-14645.4;-1.08571
-30;90000;asc;65;-14085.0;-1.06587
-30;90000;asc;66;-13519.3;-1.04665
-30;90000;asc;67;-12999.4;-1.02285
-30;90000;asc;68;-12429.3;-1.00425
-30;90000;asc;69;-11900.2;-0.98123
-30;90000;asc;70;-11366.2;-0.95860
-30;90000;asc;71;-10859.3;-0.93364
-30;90000;asc;72;-10330.3;-0.91053
-30;90000;asc;73;-9814.5;-0.88635
-30;90000;asc;74;-9310.1;-0.86116
-30;90000;asc;75;-8805.4;-0.83602
-30;90000;asc;76;-8333.2;-0.80832
-30;90000;asc;77;-7831.6;-0.78286
-30;90000;asc;78;-7339.7;-0.75680
-30;90000;asc;79;-6883.1;-0.72797
-30;90000;asc;80;-6396.1;-0.70136
-30;90000;asc;81;-5965.7;-0.67098
-30;90000;asc;82;-5507.6;-0.64245
-30;90000;asc;83;-5059.6;-0.61307
-30;90000;asc;84;-4650.1;-0.58167
-30;90000;asc;85;-4208.0;-0.55201
-30;90000;asc;86;-3798.2;-0.52048
-30;90000;asc;87;-3401.6;-0.48820
-30;90000;asc;88;-3026.6;-0.45511
-30;90000;asc;89;-2628.0;-0.42297
-30;90000;asc;90;-2247.7;-0.38978
-30;90000;asc;91;-1902.6;-0.35501
-30;90000;asc;92;-1560.9;-0.32009
-30;90000;asc;93;-1248.0;-0.28404
-30;90000;asc;94;-932.8;-0.24808
-30;90000;asc;95;-644.7;-0.21126
-30;90000;asc;96;-351.6;-0.17451
-30;90000;asc;97;-77.8;-0.13709
-30;90000;asc;98;132.1;-0.09784
-30;90000;asc;99;299.9;-0.05771
-30;90000;asc;100;488.0;-0.01801
-30;90000;asc;101;636.2;0.02242
-30;90000;asc;102;787.5;0.06287
-30;90000;asc;103;931.3;0.10335
-30;90000;asc;104;1110.1;0.14322
-30;90000;asc;105;1294.4;0.18280
-30;90000;asc;106;1490.4;0.22227
-30;90000;asc;107;1756.7;0.25993
-30;90000;asc;108;1991.6;0.29851
-30;90000;asc;109;2271.1;0.33563
-30;90000;asc;110;2559.3;0.37254
-30;90000;asc;111;2913.8;0.40687
-30;90000;asc;112;3254.2;0.44174
-30;90000;asc;113;3607.0;0.47612
-30;90000;asc;114;3988.8;0.50920
-30;90000;asc;115;4391.3;0.54119
-30;90000;asc;116;4804.5;0.57245
-30;90000;asc;117;5185.4;0.60546
-30;90000;asc;118;5605.0;0.63655
-30;90000;asc;119;6061.4;0.66534
-30;90000;asc;120;6508.8;0.69473
-30;90000;asc;121;6972.9;0.72305
-30;90000;asc;122;7438.8;0.75120
-30;90000;asc;123;7890.1;0.78036
-30;90000;asc;124;8359.2;0.80828
-30;90000;asc;125;8851.5;0.83431
-30;90000;asc;126;9365.5;0.85866
-30;90000;asc;127;9863.0;0.88444
-30;90000;asc;128;10361.8;0.91003
-30;90000;asc;129;10891.4;0.93299
-30;90000;asc;130;11418.7;0.95583
-30;90000;asc;131;11926.3;0.98066
-30;90000;asc;132;12472.4;1.00189
-30;90000;asc;133;13011.4;1.02402
-30;90000;asc;134;13566.6;1.04442
-30;90000;asc;135;14119.5;1.06489
-30;90000;asc;136;14665.9;1.08622
-30;90000;asc;137;15228.1;1.10587
-30;90000;asc;138;15798.5;1.12456
-30;90000;asc;139;16356.5;1.14468
-30;90000;asc;140;16941.0;1.16152
-30;90000;asc;141;17528.1;1.17800
-30;90000;asc;142;18100.2;1.19646
-30;90000;asc;143;18692.9;1.21204
-30;90000;asc;144;19285.2;1.22764
-30;90000;asc;145;19890.8;1.24118
-30;90000;asc;146;20497.2;1.25455
-30;90000;asc;147;21087.8;1.27038
-30;90000;asc;148;21725.0;1.27539
-30;90000;asc;149;22321.7;1.28768
-30;90000;asc;150;22886.7;1.30678
-30;90000;asc;151;23500.4;1.31882
-30;90000;asc;152;24119.7;1.32974
-30;90000;asc;153;24736.6;1.34115
-30;90000;asc;154;25364.6;1.34999
-30;90000;asc;155;25983.3;1.36099
-30;90000;asc;156;26608.8;1.37047
-30;90000;asc;157;27240.2;1.37831
-30;90000;asc;158;27870.1;1.38661
-30;90000;asc;159;28500.6;1.39473
-30;90000;asc;160;29135.4;1.40156
-30;90000;asc;161;29768.1;1.40903
-30;90000;asc;162;30401.5;1.41631
-30;90000;asc;163;31036.6;1.42301
-30;90000;asc;164;31674.6;1.42851
-30;90000;asc;165;32311.0;1.43478
-30;90000;asc;166;32948.7;1.44038
-30;90000;asc;167;33591.2;1.44382
-30;90000;asc;168;34231.6;1.44846
-30;90000;asc;169;34867.7;1.45478
-30;90000;asc;170;35507.3;1.45974
-30;90000;asc;171;36148.2;1.46409
-30;90000;asc;172;36790.3;1.46775
-30;90000;asc;173;37432.3;1.47150
-30;90000;asc;174;38073.3;1.47576
-30;90000;asc;175;38715.6;1.47933
-30;90000;asc;176;39357.9;1.48281
-30;90000;asc;177;40002.8;1.48444
-30;90000;asc;178;40644.7;1.48832
-30;90000;asc;179;41286.6;1.49218
-30;90000;asc;180;41930.3;1.49481
-30;90000;asc;181;42572.2;1.49861
-30;90000;asc;182;43215.4;1.50169
-30;90000;asc;183;43859.5;1.50403
-30;90000;asc;184;44502.5;1.50689
-30;90000;asc;185;45148.8;1.50671
-30;90000;asc;186;45791.7;1.50983
-30;90000;asc;187;46435.1;1.51276
-30;90000;asc;188;47078.4;1.51558
-30;90000;asc;189;47724.2;1.51626
-30;90000;asc;190;48367.0;1.51940
-30;90000;asc;191;49013.4;1.51905
-30;90000;asc;192;49657.6;1.52116
-30;90000;asc;193;50301.4;1.52428
-30;90000;asc;194;50945.0;1.52806
-30;90000;asc;195;51589.8;1.53115
-30;90000;asc;196;52236.2;1.53313
-30;90000;asc;197;52878.9;1.53648
-30;90000;asc;198;53524.9;1.53765
-30;90000;asc;199;54171.4;1.53887
-30;90000;asc;200;54704.8;1.54502
