{
  "Ms0": 2139102.662144727,
  "Tc": 291.4785384975955,
  "beta": 0.28071065408714707,
  "a_coeffs": [
    -0.4341207937103752,
    87.18193780196344,
    7447.696238202376
  ],
  "k_coeffs": [
    0.08236362457980848,
    -1.8350996091817735,
    78.20467546919721
  ],
  "c_coeffs": [
    0.00024155403663262453,
    0.005333417425264163,
    0.1592969677870742
  ],
  "alpha": 0.0,
  "anchors_T": [
    -38.0,
    -11.5,
    15.0
  ]
}