{
  "description": "Component A: measurement-system calibration uncertainty propagated through the global fit (linearised GUM LPU).",
  "inputs": {
    "u_rel_B": 0.001,
    "u_rel_H": 0.0001,
    "subsample": 300
  },
  "cond_scaled_GtWG": 11032.937964517881,
  "parameters": {
    "Ms0": {
      "value": 2139102.662144727,
      "u_cal": 1639.415868519875,
      "u_cal_rel": 0.0007664035473997066,
      "dx_dgB": 1639415.7643105134,
      "dx_dgH": -5845.382379408926
    },
    "beta": {
      "value": 0.28071065408714707,
      "u_cal": 0.00011937230957666836,
      "u_cal_rel": 0.0004252503702250255,
      "dx_dgB": -0.11926873785369849,
      "dx_dgH": 0.049715655938240705
    },
    "Tc": {
      "value": 291.4785384975955,
      "u_cal": 0.0031200917535436122,
      "u_cal_rel": 1.070436187043442e-05,
      "dx_dgB": -3.107410594112447,
      "dx_dgH": -2.8101948353909503
    },
    "a(-38)": {
      "value": 3507.912175609983,
      "u_cal": 0.13092538668015713,
      "u_cal_rel": 3.7322880427412866e-05,
      "dx_dgB": -32.98894969703633,
      "dx_dgH": 1267.011684051693
    },
    "a(-11.5)": {
      "value": 6387.691478511599,
      "u_cal": 0.814121940395668,
      "u_cal_rel": 0.0001274516690629785,
      "dx_dgB": -727.8551488665039,
      "dx_dgH": 3647.21011325269
    },
    "a(15)": {
      "value": 8657.748126646993,
      "u_cal": 0.17641567813004627,
      "u_cal_rel": 2.0376623984598318e-05,
      "dx_dgB": -149.74367182360857,
      "dx_dgH": 932.7016800063943
    },
    "k(-38)": {
      "value": 266.87153451134805,
      "u_cal": 0.027479474520812668,
      "u_cal_rel": 0.00010296892312298737,
      "dx_dgB": 27.283768945322123,
      "dx_dgH": -32.73755042496104
    },
    "k(-11.5)": {
      "value": 110.20091032546728,
      "u_cal": 0.0036358358451659897,
      "u_cal_rel": 3.2992793203140654e-05,
      "dx_dgB": 3.527056868644337,
      "dx_dgH": 8.827072778348956
    },
    "k(15)": {
      "value": 69.20999686192752,
      "u_cal": 0.01915139783277454,
      "u_cal_rel": 0.0002767143288704546,
      "dx_dgB": -18.988461613850546,
      "dx_dgH": -24.928627095220506
    },
    "c(-38)": {
      "value": 0.3054311345245458,
      "u_cal": 3.395154906979838e-05,
      "u_cal_rel": 0.0001111594242762762,
      "dx_dgB": 0.03391408903770526,
      "dx_dgH": -0.01594443157195412
    },
    "c(-11.5)": {
      "value": 0.12990818874120091,
      "u_cal": 1.790996358592615e-05,
      "u_cal_rel": 0.0001378663174313501,
      "dx_dgB": 0.01790722211196548,
      "dx_dgH": -0.0031335583915913998
    },
    "c(15)": {
      "value": 0.29364788740837716,
      "u_cal": 1.1537715437405806e-05,
      "u_cal_rel": 3.9290987376865624e-05,
      "dx_dgB": -0.004479923911598405,
      "dx_dgH": -0.10632457818436952
    }
  }
}