{
  "description": "Component B: identifiability (Type A) uncertainty of the order-parameter quantities (Ms0, Tc, beta), propagated from the well-identified saturation magnetization with a correlated Monte Carlo. The temperature laws are determined by the well-conditioned global fit; their mutual dependency is given by the correlation matrix (correlation_analysis.py).",
  "n_law": 100000,
  "seed": 12345,
  "loop_level_relative_scatter": {
    "a": 0.06439565618309058,
    "k": 1.1925750176858485,
    "c": 0.7822987016323204,
    "Ms": 0.018668101641046455
  },
  "correlation_matrix": [
    [
      0.9999999999999998,
      -0.3521064990932657,
      -0.1056179098240564,
      0.9249535866492954
    ],
    [
      -0.3521064990932657,
      1.0,
      0.1765988058363021,
      -0.31947179038865486
    ],
    [
      -0.1056179098240564,
      0.1765988058363021,
      0.9999999999999999,
      -0.025643396760167723
    ],
    [
      0.9249535866492954,
      -0.31947179038865486,
      -0.025643396760167723,
      1.0000000000000002
    ]
  ],
  "temperature_grid_C": [
    -38.0,
    -37.554621848739494,
    -37.109243697478995,
    -36.66386554621849,
    -36.21848739495798,
    -35.773109243697476,
    -35.32773109243698,
    -34.88235294117647,
    -34.436974789915965,
    -33.991596638655466,
    -33.54621848739496,
    -33.10084033613445,
    -32.65546218487395,
    -32.21008403361344,
    -31.764705882352942,
    -31.319327731092436,
    -30.873949579831933,
    -30.428571428571427,
    -29.983193277310924,
    -29.53781512605042,
    -29.092436974789916,
    -28.647058823529413,
    -28.201680672268907,
    -27.7563025210084,
    -27.310924369747898,
    -26.865546218487395,
    -26.42016806722689,
    -25.974789915966387,
    -25.529411764705884,
    -25.084033613445378,
    -24.63865546218487,
    -24.19327731092437,
    -23.747899159663866,
    -23.30252100840336,
    -22.857142857142854,
    -22.41176470588235,
    -21.96638655462185,
    -21.521008403361343,
    -21.07563025210084,
    -20.630252100840334,
    -20.18487394957983,
    -19.739495798319325,
    -19.294117647058822,
    -18.84873949579832,
    -18.403361344537814,
    -17.95798319327731,
    -17.512605042016805,
    -17.067226890756302,
    -16.621848739495796,
    -16.176470588235293,
    -15.731092436974787,
    -15.285714285714285,
    -14.840336134453779,
    -14.394957983193276,
    -13.949579831932773,
    -13.504201680672267,
    -13.058823529411764,
    -12.613445378151258,
    -12.168067226890756,
    -11.72268907563025,
    -11.277310924369747,
    -10.83193277310924,
    -10.386554621848738,
    -9.941176470588232,
    -9.49579831932773,
    -9.050420168067227,
    -8.60504201680672,
    -8.159663865546218,
    -7.714285714285712,
    -7.268907563025209,
    -6.823529411764703,
    -6.3781512605042,
    -5.932773109243698,
    -5.4873949579831915,
    -5.042016806722685,
    -4.596638655462186,
    -4.15126050420168,
    -3.705882352941174,
    -3.260504201680668,
    -2.8151260504201687,
    -2.3697478991596626,
    -1.9243697478991564,
    -1.4789915966386502,
    -1.0336134453781511,
    -0.588235294117645,
    -0.1428571428571388,
    0.30252100840336027,
    0.7478991596638664,
    1.1932773109243726,
    1.6386554621848788,
    2.084033613445378,
    2.529411764705884,
    2.97478991596639,
    3.4201680672268964,
    3.8655462184873954,
    4.310924369747902,
    4.756302521008408,
    5.201680672268907,
    5.647058823529413,
    6.092436974789919,
    6.537815126050425,
    6.983193277310924,
    7.428571428571431,
    7.873949579831937,
    8.319327731092443,
    8.764705882352942,
    9.210084033613448,
    9.655462184873954,
    10.100840336134453,
    10.54621848739496,
    10.991596638655466,
    11.436974789915972,
    11.882352941176471,
    12.327731092436977,
    12.773109243697483,
    13.21848739495799,
    13.663865546218489,
    14.109243697478995,
    14.554621848739501,
    15.0
  ],
  "Ms0": {
    "mean": 2144422.403606798,
    "u": 77012.015195269,
    "ci95_lo": 2005411.4898543356,
    "ci95_hi": 2307468.8098676233
  },
  "beta": {
    "mean": 0.28193033231054854,
    "u": 0.01866533305615697,
    "ci95_lo": 0.24850438348033724,
    "ci95_hi": 0.3218253116655681
  },
  "Tc": {
    "mean": 291.554913268388,
    "u": 0.7292365468625628,
    "ci95_lo": 290.36509036914606,
    "ci95_hi": 293.20976368162
  },
  "k_trend_decreasing_fraction": 0.99712,
  "ms_band": {
    "mean": [
      1348934.2332824904,
      1345923.4384016695,
      1342895.4181054467,
      1339849.934308233,
      1336786.7436735379,
      1333705.5974538373,
      1330606.241324943,
      1327488.4152131234,
      1324351.8531161908,
      1321196.282916551,
      1318021.426187561,
      1314826.9979914015,
      1311612.7066689509,
      1308378.2536210408,
      1305123.3330803423,
      1301847.6318738903,
      1298550.8291754038,
      1295232.596246934,
      1291892.5961696592,
      1288530.4835624073,
      1285145.9042883962,
      1281738.4951483568,
      1278307.8835603544,
      1274853.687224859,
      1271375.513774407,
      1267872.9604074203,
      1264345.613504682,
      1260793.048227558,
      1257214.8280977346,
      1253610.504556073,
      1249979.6165003479,
      1246321.6898003253,
      1242636.2367886405,
      1238922.755726339,
      1235180.730241107,
      1231409.6287370152,
      1227608.9037733204,
      1223777.9914111635,
      1219916.310525353,
      1216023.2620794915,
      1212098.2283616697,
      1208140.5721784662,
      1204149.6360041664,
      1200124.7410820988,
      1196065.1864753237,
      1191970.2480623608,
      1187839.1774747595,
      1183671.2009719748,
      1179465.51824907,
      1175221.3011725317,
      1170937.6924384923,
      1166613.8041479853,
      1162248.716292389,
      1157841.475142716,
      1153391.091534565,
      1148896.5390409809,
      1144356.752024101,
      1139770.623555331,
      1135137.0031935363,
      1130454.6946093848,
      1125722.4530421637,
      1120938.982575219,
      1116102.933213607,
      1111212.8977464996,
      1106267.408374697,
      1101264.933081779,
      1096203.8717243837,
      1091082.5518155177,
      1085899.2239706246,
      1080652.056983212,
      1075339.1324930596,
      1069958.4392053545,
      1064507.8666136025,
      1058985.1981744033,
      1053388.1038743628,
      1047714.1321223861,
      1041960.7008917074,
      1036125.0880256519,
      1030204.4206090975,
      1024195.6632949734,
      1018095.6054572234,
      1011900.8470250027,
      1005607.7828299325,
      999212.5852720048,
      992711.1850809434,
      986099.2499121603,
      979372.1604744496,
      972524.9838354237,
      965552.4434890669,
      958448.8856959366,
      951208.2415172649,
      943823.9838556871,
      936289.0786813295,
      928595.9294599417,
      920736.3135969121,
      912701.3094594323,
      904481.2122251635,
      896065.4364084264,
      887442.4024113293,
      878599.4038024886,
      869522.4511938939,
      860196.0875021446,
      850603.1679558242,
      840724.5963171237,
      830539.0062417537,
      820022.3732407929,
      809147.5379400416,
      797883.6146619675,
      786195.2498805426,
      774041.6813946295,
      761375.5288569306,
      748141.2158342863,
      734272.8765156011,
      719691.5254175222,
      704301.1457732678,
      687983.1433799398,
      670588.2408587692,
      651924.1895097113,
      631736.2782068113,
      609674.5764718368
    ],