{
  "description": "Empirical joint (correlated) distribution of the JA parameters from log-residuals ln(independent/law) over the twelve temperatures.",
  "params": [
    "a",
    "k",
    "c",
    "Ms"
  ],
  "n_temperatures": 12,
  "sigma_ln": {
    "a": 0.06590180950588849,
    "k": 0.5572288197706732,
    "c": 1.1574850214960253,
    "Ms": 0.01887575055826849
  },
  "relative_scatter": {
    "a": 0.06439565618309058,
    "k": 1.1925750176858485,
    "c": 0.7822987016323204,
    "Ms": 0.018668101641046455
  },
  "covariance_logspace": [
    [
      0.004343048496150414,
      -0.012930191312139405,
      -0.008056571908433173,
      0.00115059242304639
    ],
    [
      -0.012930191312139405,
      0.31050395758301735,
      0.1139034063787263,
      -0.0033602401379179176
    ],
    [
      -0.008056571908433173,
      0.1139034063787263,
      1.339771574987654,
      -0.0005602671523532092
    ],
    [
      0.00115059242304639,
      -0.0033602401379179176,
      -0.0005602671523532092,
      0.0003562939591379733
    ]
  ],
  "correlation_matrix": [
    [
      0.9999999999999998,
      -0.3521064990932657,
      -0.1056179098240564,
      0.9249535866492954
    ],
    [
      -0.3521064990932657,
      1.0,
      0.1765988058363021,
      -0.31947179038865486
    ],
    [
      -0.1056179098240564,
      0.1765988058363021,
      0.9999999999999999,
      -0.025643396760167723
    ],
    [
      0.9249535866492954,
      -0.31947179038865486,
      -0.025643396760167723,
      1.0000000000000002
    ]
  ]
}